INSERT INTO CATEGORY (CATEGORYID, CATEGORYNAME) 
VALUES (11, '강아지 사료');

INSERT INTO CATEGORY (CATEGORYID, CATEGORYNAME) 
VALUES (21, '간식 - 껌');

INSERT INTO CATEGORY (CATEGORYID, CATEGORYNAME) 
VALUES (22, '간식 - 캔/통조림');

INSERT INTO CATEGORY (CATEGORYID, CATEGORYNAME) 
VALUES (23, '간식 - 육포사시미(대용량)');

INSERT INTO CATEGORY (CATEGORYID, CATEGORYNAME) 
VALUES (24, '간식 - 육포사시미(소용량)');

INSERT INTO CATEGORY (CATEGORYID, CATEGORYNAME) 
VALUES (25, '간식 - 소시지/습식간식');

INSERT INTO CATEGORY (CATEGORYID, CATEGORYNAME) 
VALUES (31, '목욕용품 - 타올/기타');

INSERT INTO CATEGORY (CATEGORYID, CATEGORYNAME) 
VALUES (32, '목욕용품 - 샴푸린스 겸용');

INSERT INTO CATEGORY (CATEGORYID, CATEGORYNAME) 
VALUES (33, '목욕용품 - 샴푸');

INSERT INTO CATEGORY (CATEGORYID, CATEGORYNAME) 
VALUES (41, '종합영양제');

INSERT INTO CATEGORY (CATEGORYID, CATEGORYNAME) 
VALUES (51, '위생배변패드 - 배변판/패드');

INSERT INTO CATEGORY (CATEGORYID, CATEGORYNAME) 
VALUES (52, '위생배변패드 - 기저귀/팬티');

INSERT INTO CATEGORY (CATEGORYID, CATEGORYNAME) 
VALUES (61, '급식기/급수기');

INSERT INTO CATEGORY (CATEGORYID, CATEGORYNAME) 
VALUES (62, '쌍수기');

INSERT INTO CATEGORY (CATEGORYID, CATEGORYNAME) 
VALUES (63, '사료 보관통');

INSERT INTO CATEGORY (CATEGORYID, CATEGORYNAME) 
VALUES (71, '고양이 사료');

INSERT INTO CATEGORY (CATEGORYID, CATEGORYNAME) 
VALUES (81, '고양이 간식 - 스낵, 드롭스');

INSERT INTO CATEGORY (CATEGORYID, CATEGORYNAME) 
VALUES (82, '고양이 간식 - 통살, 닭가슴살');

INSERT INTO CATEGORY (CATEGORYID, CATEGORYNAME) 
VALUES (91, '고양이 용품 - 모래');

INSERT INTO CATEGORY (CATEGORYID, CATEGORYNAME) 
VALUES (92, '고양이 용품 - 화장실');

INSERT INTO GOODSDB (GOODS_NAME, GOODS_PRICE, GOODSID, CATEGORY_CATEGORYID, GOODS_INFO, GOODS_STOCK) 
VALUES ('비아파 락톨 퍼피 250g', 15750, 11001, 11, '강아지 사료', 100);

INSERT INTO GOODSDB (GOODS_NAME, GOODS_PRICE, GOODSID, CATEGORY_CATEGORYID, GOODS_INFO, GOODS_STOCK) 
VALUES ('아침애 수제사료 황태 1kg', 15400, 11002, 11, '강아지 사료', 100);

INSERT INTO GOODSDB (GOODS_NAME, GOODS_PRICE, GOODSID, CATEGORY_CATEGORYID, GOODS_INFO, GOODS_STOCK) 
VALUES ('벤티 독 그레인프리 관절 5kg', 36000, 11003, 11, '강아지 사료', 100);

INSERT INTO GOODSDB (GOODS_NAME, GOODS_PRICE, GOODSID, CATEGORY_CATEGORYID, GOODS_INFO, GOODS_STOCK) 
VALUES ('벤티 독 그레인프리 피부 5kg', 36000, 11004, 11, '강아지 사료', 100);

INSERT INTO GOODSDB (GOODS_NAME, GOODS_PRICE, GOODSID, CATEGORY_CATEGORYID, GOODS_INFO, GOODS_STOCK) 
VALUES ('벤티 독 그레인프리 체중 중성화 1.5kg', 12200, 11005, 11, '강아지 사료', 100);

INSERT INTO GOODSDB (GOODS_NAME, GOODS_PRICE, GOODSID, CATEGORY_CATEGORYID, GOODS_INFO, GOODS_STOCK) 
VALUES ('로얄캐닌 다이제스티브 케어 파우치 85g', 1950, 11006, 11, '강아지 사료', 100);

INSERT INTO GOODSDB (GOODS_NAME, GOODS_PRICE, GOODSID, CATEGORY_CATEGORYID, GOODS_INFO, GOODS_STOCK) 
VALUES ('도그랑 훼미리 닭고기와 쌀 퍼피 2kg', 10800, 11007, 11, '강아지 사료', 100);

INSERT INTO GOODSDB (GOODS_NAME, GOODS_PRICE, GOODSID, CATEGORY_CATEGORYID, GOODS_INFO, GOODS_STOCK) 
VALUES ('도그랑 패밀리 중대형견 10kg', 22000, 11008, 11, '강아지 사료', 100);

INSERT INTO GOODSDB (GOODS_NAME, GOODS_PRICE, GOODSID, CATEGORY_CATEGORYID, GOODS_INFO, GOODS_STOCK) 
VALUES ('도그랑 브론즈 전연령 5kg', 13300, 11009, 11, '강아지 사료', 100);

INSERT INTO GOODSDB (GOODS_NAME, GOODS_PRICE, GOODSID, CATEGORY_CATEGORYID, GOODS_INFO, GOODS_STOCK) 
VALUES ('로얄캐닌 미니 스테럴라이즈드 파우치 85g', 1950, 11010, 11, '강아지 사료', 100);

INSERT INTO GOODSDB (GOODS_NAME, GOODS_PRICE, GOODSID, CATEGORY_CATEGORYID, GOODS_INFO, GOODS_STOCK) 
VALUES ('로얄캐닌 라이트웨이트 케어 파우치 85g', 1950, 11011, 11, '강아지 사료', 100);

INSERT INTO GOODSDB (GOODS_NAME, GOODS_PRICE, GOODSID, CATEGORY_CATEGORYID, GOODS_INFO, GOODS_STOCK) 
VALUES ('로얄캐닌 푸들 어덜트 파우치 85g', 1950, 11012, 11, '강아지 사료', 100);

INSERT INTO GOODSDB (GOODS_NAME, GOODS_PRICE, GOODSID, CATEGORY_CATEGORYID, GOODS_INFO, GOODS_STOCK) 
VALUES ('로얄캐닌 미니 퍼피 그레이비 파우치 85g', 1750, 11013, 11, '강아지 사료', 100);

INSERT INTO GOODSDB (GOODS_NAME, GOODS_PRICE, GOODSID, CATEGORY_CATEGORYID, GOODS_INFO, GOODS_STOCK) 
VALUES ('도그랑 클래식 전연령 5kg', 13600, 11014, 11, '강아지 사료', 100);

INSERT INTO GOODSDB (GOODS_NAME, GOODS_PRICE, GOODSID, CATEGORY_CATEGORYID, GOODS_INFO, GOODS_STOCK) 
VALUES ('도그랑 훼미리 닭고기와 쌀 어덜트 2kg', 10200, 11015, 11, '강아지 사료', 100);

INSERT INTO GOODSDB (GOODS_NAME, GOODS_PRICE, GOODSID, CATEGORY_CATEGORYID, GOODS_INFO, GOODS_STOCK) 
VALUES ('아침애 수제사료 한우 800g', 15400, 11016, 11, '강아지 사료', 100);

INSERT INTO GOODSDB (GOODS_NAME, GOODS_PRICE, GOODSID, CATEGORY_CATEGORYID, GOODS_INFO, GOODS_STOCK) 
VALUES ('아침애 수제사료 다이어트 1kg', 15400, 11017, 11, '강아지 사료', 100);

INSERT INTO GOODSDB (GOODS_NAME, GOODS_PRICE, GOODSID, CATEGORY_CATEGORYID, GOODS_INFO, GOODS_STOCK) 
VALUES ('아침애 수제사료 오리 연어 감자 1kg', 15400, 11018, 11, '강아지 사료', 100);

INSERT INTO GOODSDB (GOODS_NAME, GOODS_PRICE, GOODSID, CATEGORY_CATEGORYID, GOODS_INFO, GOODS_STOCK) 
VALUES ('아침애 수제사료 피부 개선 3kg', 44000, 11019, 11, '강아지 사료', 100);

INSERT INTO GOODSDB (GOODS_NAME, GOODS_PRICE, GOODSID, CATEGORY_CATEGORYID, GOODS_INFO, GOODS_STOCK) 
VALUES ('아침애 수제사료 오리 감자 연어 3kg', 44000, 11020, 11, '강아지 사료', 100);

INSERT INTO GOODSDB (GOODS_NAME, GOODS_PRICE, GOODSID, CATEGORY_CATEGORYID, GOODS_INFO, GOODS_STOCK) 
VALUES ('아침애 수제사료 한우 2.4kg', 44000, 11021, 11, '강아지 사료', 100);

INSERT INTO GOODSDB (GOODS_NAME, GOODS_PRICE, GOODSID, CATEGORY_CATEGORYID, GOODS_INFO, GOODS_STOCK) 
VALUES ('소프트플러스 참좋은 황태사료 오리 1kg', 12600, 11022, 11, '강아지 사료', 100);

INSERT INTO GOODSDB (GOODS_NAME, GOODS_PRICE, GOODSID, CATEGORY_CATEGORYID, GOODS_INFO, GOODS_STOCK) 
VALUES ('소프트플러스 참좋은 황태사료 연어 1kg', 12600, 11023, 11, '강아지 사료', 100);

INSERT INTO GOODSDB (GOODS_NAME, GOODS_PRICE, GOODSID, CATEGORY_CATEGORYID, GOODS_INFO, GOODS_STOCK) 
VALUES ('CP 클래식 어덜트 스몰 브리드 소고기 2kg', 9000, 11024, 11, '강아지 사료', 100);

INSERT INTO GOODSDB (GOODS_NAME, GOODS_PRICE, GOODSID, CATEGORY_CATEGORYID, GOODS_INFO, GOODS_STOCK) 
VALUES ('CP 클래식 퍼피 밀크 2kg', 9000, 11025, 11, '강아지 사료', 100);

INSERT INTO GOODSDB (GOODS_NAME, GOODS_PRICE, GOODSID, CATEGORY_CATEGORYID, GOODS_INFO, GOODS_STOCK) 
VALUES ('CP 클래식 독 어덜트 양고기 2kg', 9000, 11026, 11, '강아지 사료', 100);

INSERT INTO GOODSDB (GOODS_NAME, GOODS_PRICE, GOODSID, CATEGORY_CATEGORYID, GOODS_INFO, GOODS_STOCK) 
VALUES ('CP 클래식 독 어덜트 닭고기 2kg', 9000, 11027, 11, '강아지 사료', 100);

INSERT INTO GOODSDB (GOODS_NAME, GOODS_PRICE, GOODSID, CATEGORY_CATEGORYID, GOODS_INFO, GOODS_STOCK) 
VALUES ('CP 클래식 독 어덜트 소고기 2kg', 9000, 11028, 11, '강아지 사료', 100);

INSERT INTO GOODSDB (GOODS_NAME, GOODS_PRICE, GOODSID, CATEGORY_CATEGORYID, GOODS_INFO, GOODS_STOCK) 
VALUES ('뉴트리나 다이어트 2.1kg', 12500, 11029, 11, '강아지 사료', 100);

INSERT INTO GOODSDB (GOODS_NAME, GOODS_PRICE, GOODSID, CATEGORY_CATEGORYID, GOODS_INFO, GOODS_STOCK) 
VALUES ('뉴트리나 어덜트 연어 2.1kg', 12500, 11030, 11, '강아지 사료', 100);

INSERT INTO GOODSDB (GOODS_NAME, GOODS_PRICE, GOODSID, CATEGORY_CATEGORYID, GOODS_INFO, GOODS_STOCK) 
VALUES ('뉴트리나 퍼피 2.1kg', 12500, 11031, 11, '강아지 사료', 100);

INSERT INTO GOODSDB (GOODS_NAME, GOODS_PRICE, GOODSID, CATEGORY_CATEGORYID, GOODS_INFO, GOODS_STOCK) 
VALUES ('디럭스락 분유 200g', 8250, 11032, 11, '강아지 사료', 100);

INSERT INTO GOODSDB (GOODS_NAME, GOODS_PRICE, GOODSID, CATEGORY_CATEGORYID, GOODS_INFO, GOODS_STOCK) 
VALUES ('도기프랜드 클라쎄밀 분유 180g', 6750, 11033, 11, '강아지 사료', 100);

INSERT INTO GOODSDB (GOODS_NAME, GOODS_PRICE, GOODSID, CATEGORY_CATEGORYID, GOODS_INFO, GOODS_STOCK) 
VALUES ('데이스포 초유분유 200g', 10500, 11034, 11, '강아지 사료', 100);

INSERT INTO GOODSDB (GOODS_NAME, GOODS_PRICE, GOODSID, CATEGORY_CATEGORYID, GOODS_INFO, GOODS_STOCK) 
VALUES ('츄렙 딩고껌 연어 10.5인치 2개입', 3400, 21001, 21, '간식 - 껌', 100);

INSERT INTO GOODSDB (GOODS_NAME, GOODS_PRICE, GOODSID, CATEGORY_CATEGORYID, GOODS_INFO, GOODS_STOCK) 
VALUES ('츄렙 딩고껌 연어 7.5인치 2개입', 4150, 21002, 21, '간식 - 껌', 100);

INSERT INTO GOODSDB (GOODS_NAME, GOODS_PRICE, GOODSID, CATEGORY_CATEGORYID, GOODS_INFO, GOODS_STOCK) 
VALUES ('츄렙 딩고껌 연어 4.5인치 5개입', 4150, 21003, 21, '간식 - 껌', 100);

INSERT INTO GOODSDB (GOODS_NAME, GOODS_PRICE, GOODSID, CATEGORY_CATEGORYID, GOODS_INFO, GOODS_STOCK) 
VALUES ('츄렙 딩고껌 연어 2.5인치 13개입', 4150, 21004, 21, '간식 - 껌', 100);

INSERT INTO GOODSDB (GOODS_NAME, GOODS_PRICE, GOODSID, CATEGORY_CATEGORYID, GOODS_INFO, GOODS_STOCK) 
VALUES ('츄렙 스틱껌 연어 15개입', 4150, 21005, 21, '간식 - 껌', 100);

INSERT INTO GOODSDB (GOODS_NAME, GOODS_PRICE, GOODSID, CATEGORY_CATEGORYID, GOODS_INFO, GOODS_STOCK) 
VALUES ('인벳 츄잉본 민트 100g', 3500, 21006, 21, '간식 - 껌', 100);

INSERT INTO GOODSDB (GOODS_NAME, GOODS_PRICE, GOODSID, CATEGORY_CATEGORYID, GOODS_INFO, GOODS_STOCK) 
VALUES ('아임펫 덴탈케어 껌 닭고기 80g', 2450, 21007, 21, '간식 - 껌', 100);

INSERT INTO GOODSDB (GOODS_NAME, GOODS_PRICE, GOODSID, CATEGORY_CATEGORYID, GOODS_INFO, GOODS_STOCK) 
VALUES ('아임펫 덴탈케어 껌 소고기 80g', 2450, 21008, 21, '간식 - 껌', 100);

INSERT INTO GOODSDB (GOODS_NAME, GOODS_PRICE, GOODSID, CATEGORY_CATEGORYID, GOODS_INFO, GOODS_STOCK) 
VALUES ('아임펫 덴탈케어 껌 오리고기 80g', 2450, 21009, 21, '간식 - 껌', 100);

INSERT INTO GOODSDB (GOODS_NAME, GOODS_PRICE, GOODSID, CATEGORY_CATEGORYID, GOODS_INFO, GOODS_STOCK) 
VALUES ('앱솔루트 수제간식 닭갈비 6개입', 5250, 21010, 21, '간식 - 껌', 100);

INSERT INTO GOODSDB (GOODS_NAME, GOODS_PRICE, GOODSID, CATEGORY_CATEGORYID, GOODS_INFO, GOODS_STOCK) 
VALUES ('메가미트 오리 우유스틱 1kg', 19700, 21011, 21, '간식 - 껌', 100);

INSERT INTO GOODSDB (GOODS_NAME, GOODS_PRICE, GOODSID, CATEGORY_CATEGORYID, GOODS_INFO, GOODS_STOCK) 
VALUES ('메가미트 칠면조 스테이크 스틱 1kg', 19700, 21012, 21, '간식 - 껌', 100);

INSERT INTO GOODSDB (GOODS_NAME, GOODS_PRICE, GOODSID, CATEGORY_CATEGORYID, GOODS_INFO, GOODS_STOCK) 
VALUES ('메가미트 연어 스테이크 스틱 1kg', 19700, 21013, 21, '간식 - 껌', 100);

INSERT INTO GOODSDB (GOODS_NAME, GOODS_PRICE, GOODSID, CATEGORY_CATEGORYID, GOODS_INFO, GOODS_STOCK) 
VALUES ('메가미트 소고기 스테이크 스틱 1kg', 19700, 21014, 21, '간식 - 껌', 100);

INSERT INTO GOODSDB (GOODS_NAME, GOODS_PRICE, GOODSID, CATEGORY_CATEGORYID, GOODS_INFO, GOODS_STOCK) 
VALUES ('뉴트리오 오리고기 스틱 400g', 5300, 21015, 21, '간식 - 껌', 100);

INSERT INTO GOODSDB (GOODS_NAME, GOODS_PRICE, GOODSID, CATEGORY_CATEGORYID, GOODS_INFO, GOODS_STOCK) 
VALUES ('퍼피프랜드 이거미츄 연어 스테이크 껌 16개입', 7100, 21016, 21, '간식 - 껌', 100);

INSERT INTO GOODSDB (GOODS_NAME, GOODS_PRICE, GOODSID, CATEGORY_CATEGORYID, GOODS_INFO, GOODS_STOCK) 
VALUES ('퍼피프랜드 이거미츄 연어 스테이크 껌 3개입', 7100, 21017, 21, '간식 - 껌', 100);

INSERT INTO GOODSDB (GOODS_NAME, GOODS_PRICE, GOODSID, CATEGORY_CATEGORYID, GOODS_INFO, GOODS_STOCK) 
VALUES ('퍼피프랜드 이거미츄 소고기 스테이크 껌 24개입', 7100, 21018, 21, '간식 - 껌', 100);

INSERT INTO GOODSDB (GOODS_NAME, GOODS_PRICE, GOODSID, CATEGORY_CATEGORYID, GOODS_INFO, GOODS_STOCK) 
VALUES ('퍼피프랜드 이거미츄 소고기 스테이크 껌 16개입', 7100, 21019, 21, '간식 - 껌', 100);

INSERT INTO GOODSDB (GOODS_NAME, GOODS_PRICE, GOODSID, CATEGORY_CATEGORYID, GOODS_INFO, GOODS_STOCK) 
VALUES ('퍼피프랜드 이거미츄 소고기 스테이크 껌 3개입', 7100, 21020, 21, '간식 - 껌', 100);

INSERT INTO GOODSDB (GOODS_NAME, GOODS_PRICE, GOODSID, CATEGORY_CATEGORYID, GOODS_INFO, GOODS_STOCK) 
VALUES ('브리더랩 황태츄 본 M 1개입', 2500, 21021, 21, '간식 - 껌', 100);

INSERT INTO GOODSDB (GOODS_NAME, GOODS_PRICE, GOODSID, CATEGORY_CATEGORYID, GOODS_INFO, GOODS_STOCK) 
VALUES ('브리더랩 황태츄 본 S 1개입', 1250, 21022, 21, '간식 - 껌', 100);

INSERT INTO GOODSDB (GOODS_NAME, GOODS_PRICE, GOODSID, CATEGORY_CATEGORYID, GOODS_INFO, GOODS_STOCK) 
VALUES ('브리더랩 황태츄 링 M 1개입', 2500, 21023, 21, '간식 - 껌', 100);

INSERT INTO GOODSDB (GOODS_NAME, GOODS_PRICE, GOODSID, CATEGORY_CATEGORYID, GOODS_INFO, GOODS_STOCK) 
VALUES ('브리더랩 황태츄 링 S 1개입', 1250, 21024, 21, '간식 - 껌', 100);

INSERT INTO GOODSDB (GOODS_NAME, GOODS_PRICE, GOODSID, CATEGORY_CATEGORYID, GOODS_INFO, GOODS_STOCK) 
VALUES ('브리더랩 제로팩 말랑 치즈 황태껌 100g', 2950, 21025, 21, '간식 - 껌', 100);

INSERT INTO GOODSDB (GOODS_NAME, GOODS_PRICE, GOODSID, CATEGORY_CATEGORYID, GOODS_INFO, GOODS_STOCK) 
VALUES ('브리더랩 제로팩 말랑 황태껌 100g', 2950, 21026, 21, '간식 - 껌', 100);

INSERT INTO GOODSDB (GOODS_NAME, GOODS_PRICE, GOODSID, CATEGORY_CATEGORYID, GOODS_INFO, GOODS_STOCK) 
VALUES ('스위트키스 양치껌 청사과 100g', 3150, 21027, 21, '간식 - 껌', 100);

INSERT INTO GOODSDB (GOODS_NAME, GOODS_PRICE, GOODSID, CATEGORY_CATEGORYID, GOODS_INFO, GOODS_STOCK) 
VALUES ('스위트키스 양치껌 바나나 100g', 3150, 21028, 21, '간식 - 껌', 100);

INSERT INTO GOODSDB (GOODS_NAME, GOODS_PRICE, GOODSID, CATEGORY_CATEGORYID, GOODS_INFO, GOODS_STOCK) 
VALUES ('츄렙 딩고껌 소고기 7.5인치 2개입', 4150, 21029, 21, '간식 - 껌', 100);

INSERT INTO GOODSDB (GOODS_NAME, GOODS_PRICE, GOODSID, CATEGORY_CATEGORYID, GOODS_INFO, GOODS_STOCK) 
VALUES ('츄렙 딩고껌 소고기 4.5인치 5개입', 4150, 21030, 21, '간식 - 껌', 100);

INSERT INTO GOODSDB (GOODS_NAME, GOODS_PRICE, GOODSID, CATEGORY_CATEGORYID, GOODS_INFO, GOODS_STOCK) 
VALUES ('우프우프 슈퍼노트 6개입', 3000, 21031, 21, '간식 - 껌', 100);

INSERT INTO GOODSDB (GOODS_NAME, GOODS_PRICE, GOODSID, CATEGORY_CATEGORYID, GOODS_INFO, GOODS_STOCK) 
VALUES ('우프우프 울트라트위스트 3개입', 3000, 21032, 21, '간식 - 껌', 100);

INSERT INTO GOODSDB (GOODS_NAME, GOODS_PRICE, GOODSID, CATEGORY_CATEGORYID, GOODS_INFO, GOODS_STOCK) 
VALUES ('수제 핫도그 황태 100g', 3500, 21033, 21, '간식 - 껌', 100);

INSERT INTO GOODSDB (GOODS_NAME, GOODS_PRICE, GOODSID, CATEGORY_CATEGORYID, GOODS_INFO, GOODS_STOCK) 
VALUES ('수제 핫도그 연어 100g', 3500, 21034, 21, '간식 - 껌', 100);

INSERT INTO GOODSDB (GOODS_NAME, GOODS_PRICE, GOODSID, CATEGORY_CATEGORYID, GOODS_INFO, GOODS_STOCK) 
VALUES ('수제 핫도그 오리고기 100g', 3500, 21035, 21, '간식 - 껌', 100);

INSERT INTO GOODSDB (GOODS_NAME, GOODS_PRICE, GOODSID, CATEGORY_CATEGORYID, GOODS_INFO, GOODS_STOCK) 
VALUES ('수제 핫도그 소고기 100g', 3500, 21036, 21, '간식 - 껌', 100);

INSERT INTO GOODSDB (GOODS_NAME, GOODS_PRICE, GOODSID, CATEGORY_CATEGORYID, GOODS_INFO, GOODS_STOCK) 
VALUES ('수제 핫도그 닭고기 100g', 3500, 21037, 21, '간식 - 껌', 100);

INSERT INTO GOODSDB (GOODS_NAME, GOODS_PRICE, GOODSID, CATEGORY_CATEGORYID, GOODS_INFO, GOODS_STOCK) 
VALUES ('수제 핫도그 양고기 100g', 3500, 21038, 21, '간식 - 껌', 100);

INSERT INTO GOODSDB (GOODS_NAME, GOODS_PRICE, GOODSID, CATEGORY_CATEGORYID, GOODS_INFO, GOODS_STOCK) 
VALUES ('수제 핫도그 옥수수 100g', 3500, 21039, 21, '간식 - 껌', 100);

INSERT INTO GOODSDB (GOODS_NAME, GOODS_PRICE, GOODSID, CATEGORY_CATEGORYID, GOODS_INFO, GOODS_STOCK) 
VALUES ('수제 핫도그 군고구마 100g', 3500, 21040, 21, '간식 - 껌', 100);

INSERT INTO GOODSDB (GOODS_NAME, GOODS_PRICE, GOODSID, CATEGORY_CATEGORYID, GOODS_INFO, GOODS_STOCK) 
VALUES ('뉴트리오 칠면조 힘줄 나티드본 M 6개입', 6300, 21041, 21, '간식 - 껌', 100);

INSERT INTO GOODSDB (GOODS_NAME, GOODS_PRICE, GOODSID, CATEGORY_CATEGORYID, GOODS_INFO, GOODS_STOCK) 
VALUES ('뉴트리오 칠면조 힘줄 나티드본 S 10개입', 6300, 21042, 21, '간식 - 껌', 100);

INSERT INTO GOODSDB (GOODS_NAME, GOODS_PRICE, GOODSID, CATEGORY_CATEGORYID, GOODS_INFO, GOODS_STOCK) 
VALUES ('브리더랩 럭키덴탈 아이브라이트 100g', 2150, 21043, 21, '간식 - 껌', 100);

INSERT INTO GOODSDB (GOODS_NAME, GOODS_PRICE, GOODSID, CATEGORY_CATEGORYID, GOODS_INFO, GOODS_STOCK) 
VALUES ('브리더랩 럭키덴탈 조인트 100g', 2150, 21044, 21, '간식 - 껌', 100);

INSERT INTO GOODSDB (GOODS_NAME, GOODS_PRICE, GOODSID, CATEGORY_CATEGORYID, GOODS_INFO, GOODS_STOCK) 
VALUES ('참좋은간식 멍빼로 치킨간 12개입', 2450, 21045, 21, '간식 - 껌', 100);

INSERT INTO GOODSDB (GOODS_NAME, GOODS_PRICE, GOODSID, CATEGORY_CATEGORYID, GOODS_INFO, GOODS_STOCK) 
VALUES ('참좋은간식 멍빼로 스트로베리 12개입', 2450, 21046, 21, '간식 - 껌', 100);

INSERT INTO GOODSDB (GOODS_NAME, GOODS_PRICE, GOODSID, CATEGORY_CATEGORYID, GOODS_INFO, GOODS_STOCK) 
VALUES ('참좋은간식 멍빼로 클로렐라 12개입', 2450, 21047, 21, '간식 - 껌', 100);

INSERT INTO GOODSDB (GOODS_NAME, GOODS_PRICE, GOODSID, CATEGORY_CATEGORYID, GOODS_INFO, GOODS_STOCK) 
VALUES ('참좋은간식 멍빼로 블루베리 12개입', 2450, 21048, 21, '간식 - 껌', 100);

INSERT INTO GOODSDB (GOODS_NAME, GOODS_PRICE, GOODSID, CATEGORY_CATEGORYID, GOODS_INFO, GOODS_STOCK) 
VALUES ('더내추럴 퍼니츄 위드터키 링 S', 1200, 21049, 21, '간식 - 껌', 100);

INSERT INTO GOODSDB (GOODS_NAME, GOODS_PRICE, GOODSID, CATEGORY_CATEGORYID, GOODS_INFO, GOODS_STOCK) 
VALUES ('참좋은간식 스트레스 리스 스트립스낵 소고기 30개입', 2800, 21050, 21, '간식 - 껌', 100);

INSERT INTO GOODSDB (GOODS_NAME, GOODS_PRICE, GOODSID, CATEGORY_CATEGORYID, GOODS_INFO, GOODS_STOCK) 
VALUES ('참좋은간식 스트레스 리스 트위스트 스틱 연어 8개입', 2800, 21051, 21, '간식 - 껌', 100);

INSERT INTO GOODSDB (GOODS_NAME, GOODS_PRICE, GOODSID, CATEGORY_CATEGORYID, GOODS_INFO, GOODS_STOCK) 
VALUES ('참좋은간식 스트레스 리스 트위스트 스틱 소고기 8개입', 2800, 21052, 21, '간식 - 껌', 100);

INSERT INTO GOODSDB (GOODS_NAME, GOODS_PRICE, GOODSID, CATEGORY_CATEGORYID, GOODS_INFO, GOODS_STOCK) 
VALUES ('참좋은간식 스트레스 리스 트위스트 스틱 오리고기 8개입', 2800, 21053, 21, '간식 - 껌', 100);

INSERT INTO GOODSDB (GOODS_NAME, GOODS_PRICE, GOODSID, CATEGORY_CATEGORYID, GOODS_INFO, GOODS_STOCK) 
VALUES ('참좋은간식 스트레스 리스 트위스트 스틱 닭고기 8개입', 2800, 21054, 21, '간식 - 껌', 100);

INSERT INTO GOODSDB (GOODS_NAME, GOODS_PRICE, GOODSID, CATEGORY_CATEGORYID, GOODS_INFO, GOODS_STOCK) 
VALUES ('핑거푸드 닭고기 핫도그 120g', 2800, 21055, 21, '간식 - 껌', 100);

INSERT INTO GOODSDB (GOODS_NAME, GOODS_PRICE, GOODSID, CATEGORY_CATEGORYID, GOODS_INFO, GOODS_STOCK) 
VALUES ('핑거푸드 오리고기 핫도그 120g', 2800, 21056, 21, '간식 - 껌', 100);

INSERT INTO GOODSDB (GOODS_NAME, GOODS_PRICE, GOODSID, CATEGORY_CATEGORYID, GOODS_INFO, GOODS_STOCK) 
VALUES ('핑거푸드 양고기 핫도그 120g', 2800, 21057, 21, '간식 - 껌', 100);

INSERT INTO GOODSDB (GOODS_NAME, GOODS_PRICE, GOODSID, CATEGORY_CATEGORYID, GOODS_INFO, GOODS_STOCK) 
VALUES ('스마트본 트위스트 스틱 피넛 50개입', 13400, 21058, 21, '간식 - 껌', 100);

INSERT INTO GOODSDB (GOODS_NAME, GOODS_PRICE, GOODSID, CATEGORY_CATEGORYID, GOODS_INFO, GOODS_STOCK) 
VALUES ('내추럴EX 소고기츄 S 1개입', 1600, 21059, 21, '간식 - 껌', 100);

INSERT INTO GOODSDB (GOODS_NAME, GOODS_PRICE, GOODSID, CATEGORY_CATEGORYID, GOODS_INFO, GOODS_STOCK) 
VALUES ('도그피앙 소고기 , 치즈 100g', 1350, 22001, 22, '간식 - 캔/통조림', 100);

INSERT INTO GOODSDB (GOODS_NAME, GOODS_PRICE, GOODSID, CATEGORY_CATEGORYID, GOODS_INFO, GOODS_STOCK) 
VALUES ('도그피앙 소고기 100g', 1350, 22002, 22, '간식 - 캔/통조림', 100);

INSERT INTO GOODSDB (GOODS_NAME, GOODS_PRICE, GOODSID, CATEGORY_CATEGORYID, GOODS_INFO, GOODS_STOCK) 
VALUES ('도그피앙 양고기 100g', 1350, 22003, 22, '간식 - 캔/통조림', 100);

INSERT INTO GOODSDB (GOODS_NAME, GOODS_PRICE, GOODSID, CATEGORY_CATEGORYID, GOODS_INFO, GOODS_STOCK) 
VALUES ('도그피앙 연어 100g', 1350, 22004, 22, '간식 - 캔/통조림', 100);

INSERT INTO GOODSDB (GOODS_NAME, GOODS_PRICE, GOODSID, CATEGORY_CATEGORYID, GOODS_INFO, GOODS_STOCK) 
VALUES ('도그피앙 오리고기 100g', 1350, 22005, 22, '간식 - 캔/통조림', 100);

INSERT INTO GOODSDB (GOODS_NAME, GOODS_PRICE, GOODSID, CATEGORY_CATEGORYID, GOODS_INFO, GOODS_STOCK) 
VALUES ('도그피앙 닭고기 100g', 1350, 22006, 22, '간식 - 캔/통조림', 100);

INSERT INTO GOODSDB (GOODS_NAME, GOODS_PRICE, GOODSID, CATEGORY_CATEGORYID, GOODS_INFO, GOODS_STOCK) 
VALUES ('비타크래프트 조에시 하트캔 치킨 , 당근 , 완두콩 85g', 1350, 22007, 22, '간식 - 캔/통조림', 100);

INSERT INTO GOODSDB (GOODS_NAME, GOODS_PRICE, GOODSID, CATEGORY_CATEGORYID, GOODS_INFO, GOODS_STOCK) 
VALUES ('비타크래프트 조에시 하트캔 칠면조 , 당근 85g', 1350, 22008, 22, '간식 - 캔/통조림', 100);

INSERT INTO GOODSDB (GOODS_NAME, GOODS_PRICE, GOODSID, CATEGORY_CATEGORYID, GOODS_INFO, GOODS_STOCK) 
VALUES ('비타크래프트 조에시 하트캔 오리 , 시금치 85g', 1350, 22009, 22, '간식 - 캔/통조림', 100);

INSERT INTO GOODSDB (GOODS_NAME, GOODS_PRICE, GOODSID, CATEGORY_CATEGORYID, GOODS_INFO, GOODS_STOCK) 
VALUES ('비타크래프트 조에시 하트캔 오리 , 배 85g', 1350, 22010, 22, '간식 - 캔/통조림', 100);

INSERT INTO GOODSDB (GOODS_NAME, GOODS_PRICE, GOODSID, CATEGORY_CATEGORYID, GOODS_INFO, GOODS_STOCK) 
VALUES ('헬로도기 오리고기 캔 400g', 1700, 22011, 22, '간식 - 캔/통조림', 100);

INSERT INTO GOODSDB (GOODS_NAME, GOODS_PRICE, GOODSID, CATEGORY_CATEGORYID, GOODS_INFO, GOODS_STOCK) 
VALUES ('헬로도기 양고기 캔 400g', 1700, 22012, 22, '간식 - 캔/통조림', 100);

INSERT INTO GOODSDB (GOODS_NAME, GOODS_PRICE, GOODSID, CATEGORY_CATEGORYID, GOODS_INFO, GOODS_STOCK) 
VALUES ('헬로도기 소고기 캔 400g', 1700, 22013, 22, '간식 - 캔/통조림', 100);

INSERT INTO GOODSDB (GOODS_NAME, GOODS_PRICE, GOODSID, CATEGORY_CATEGORYID, GOODS_INFO, GOODS_STOCK) 
VALUES ('헬로도기 닭고기 캔 400g', 1700, 22014, 22, '간식 - 캔/통조림', 100);

INSERT INTO GOODSDB (GOODS_NAME, GOODS_PRICE, GOODSID, CATEGORY_CATEGORYID, GOODS_INFO, GOODS_STOCK) 
VALUES ('내츄럴독 청크 닭고기 375g', 1350, 22015, 22, '간식 - 캔/통조림', 100);

INSERT INTO GOODSDB (GOODS_NAME, GOODS_PRICE, GOODSID, CATEGORY_CATEGORYID, GOODS_INFO, GOODS_STOCK) 
VALUES ('내츄럴독 청크 소고기 375g', 1350, 22016, 22, '간식 - 캔/통조림', 100);

INSERT INTO GOODSDB (GOODS_NAME, GOODS_PRICE, GOODSID, CATEGORY_CATEGORYID, GOODS_INFO, GOODS_STOCK) 
VALUES ('내츄럴독 청크 양고기 375g', 1350, 22017, 22, '간식 - 캔/통조림', 100);

INSERT INTO GOODSDB (GOODS_NAME, GOODS_PRICE, GOODSID, CATEGORY_CATEGORYID, GOODS_INFO, GOODS_STOCK) 
VALUES ('러브썸 독 양고기 캔 85g', 830, 22018, 22, '간식 - 캔/통조림', 100);

INSERT INTO GOODSDB (GOODS_NAME, GOODS_PRICE, GOODSID, CATEGORY_CATEGORYID, GOODS_INFO, GOODS_STOCK) 
VALUES ('러브썸 독 소고기 캔 85g', 830, 22019, 22, '간식 - 캔/통조림', 100);

INSERT INTO GOODSDB (GOODS_NAME, GOODS_PRICE, GOODSID, CATEGORY_CATEGORYID, GOODS_INFO, GOODS_STOCK) 
VALUES ('러브썸 독 닭고기 캔 85g', 830, 22020, 22, '간식 - 캔/통조림', 100);

INSERT INTO GOODSDB (GOODS_NAME, GOODS_PRICE, GOODSID, CATEGORY_CATEGORYID, GOODS_INFO, GOODS_STOCK) 
VALUES ('구루머스 독 램 , 치킨 100g', 1100, 22021, 22, '간식 - 캔/통조림', 100);

INSERT INTO GOODSDB (GOODS_NAME, GOODS_PRICE, GOODSID, CATEGORY_CATEGORYID, GOODS_INFO, GOODS_STOCK) 
VALUES ('구루머스 독 비프 , 치킨 100g', 1100, 22022, 22, '간식 - 캔/통조림', 100);

INSERT INTO GOODSDB (GOODS_NAME, GOODS_PRICE, GOODSID, CATEGORY_CATEGORYID, GOODS_INFO, GOODS_STOCK) 
VALUES ('구루머스 독 치킨 100g', 1100, 22023, 22, '간식 - 캔/통조림', 100);

INSERT INTO GOODSDB (GOODS_NAME, GOODS_PRICE, GOODSID, CATEGORY_CATEGORYID, GOODS_INFO, GOODS_STOCK) 
VALUES ('구루머스 독 오리 100g', 1100, 22024, 22, '간식 - 캔/통조림', 100);

INSERT INTO GOODSDB (GOODS_NAME, GOODS_PRICE, GOODSID, CATEGORY_CATEGORYID, GOODS_INFO, GOODS_STOCK) 
VALUES ('베게브랜드 사각 닭고기 캔 100g', 1000, 22025, 22, '간식 - 캔/통조림', 100);

INSERT INTO GOODSDB (GOODS_NAME, GOODS_PRICE, GOODSID, CATEGORY_CATEGORYID, GOODS_INFO, GOODS_STOCK) 
VALUES ('베게브랜드 사각 오리고기 캔 100g', 1000, 22026, 22, '간식 - 캔/통조림', 100);

INSERT INTO GOODSDB (GOODS_NAME, GOODS_PRICE, GOODSID, CATEGORY_CATEGORYID, GOODS_INFO, GOODS_STOCK) 
VALUES ('베게브랜드 사각 양고기 캔 100g', 1000, 22027, 22, '간식 - 캔/통조림', 100);

INSERT INTO GOODSDB (GOODS_NAME, GOODS_PRICE, GOODSID, CATEGORY_CATEGORYID, GOODS_INFO, GOODS_STOCK) 
VALUES ('베게브랜드 사각 소고기 캔 100g', 1000, 22028, 22, '간식 - 캔/통조림', 100);

INSERT INTO GOODSDB (GOODS_NAME, GOODS_PRICE, GOODSID, CATEGORY_CATEGORYID, GOODS_INFO, GOODS_STOCK) 
VALUES ('럭셔리독 소고기 100g', 1300, 22029, 22, '간식 - 캔/통조림', 100);

INSERT INTO GOODSDB (GOODS_NAME, GOODS_PRICE, GOODSID, CATEGORY_CATEGORYID, GOODS_INFO, GOODS_STOCK) 
VALUES ('럭셔리독 닭고기 100g', 1300, 22030, 22, '간식 - 캔/통조림', 100);

INSERT INTO GOODSDB (GOODS_NAME, GOODS_PRICE, GOODSID, CATEGORY_CATEGORYID, GOODS_INFO, GOODS_STOCK) 
VALUES ('럭셔리독 양고기 100g', 1300, 22031, 22, '간식 - 캔/통조림', 100);

INSERT INTO GOODSDB (GOODS_NAME, GOODS_PRICE, GOODSID, CATEGORY_CATEGORYID, GOODS_INFO, GOODS_STOCK) 
VALUES ('럭셔리독 소고기와 닭고기 100g', 1300, 22032, 22, '간식 - 캔/통조림', 100);

INSERT INTO GOODSDB (GOODS_NAME, GOODS_PRICE, GOODSID, CATEGORY_CATEGORYID, GOODS_INFO, GOODS_STOCK) 
VALUES ('럭셔리독 소고기와 치즈 100g', 1300, 22033, 22, '간식 - 캔/통조림', 100);

INSERT INTO GOODSDB (GOODS_NAME, GOODS_PRICE, GOODSID, CATEGORY_CATEGORYID, GOODS_INFO, GOODS_STOCK) 
VALUES ('럭셔리독 소고기 375g', 1700, 22034, 22, '간식 - 캔/통조림', 100);

INSERT INTO GOODSDB (GOODS_NAME, GOODS_PRICE, GOODSID, CATEGORY_CATEGORYID, GOODS_INFO, GOODS_STOCK) 
VALUES ('럭셔리독 닭고기 375g', 1700, 22035, 22, '간식 - 캔/통조림', 100);

INSERT INTO GOODSDB (GOODS_NAME, GOODS_PRICE, GOODSID, CATEGORY_CATEGORYID, GOODS_INFO, GOODS_STOCK) 
VALUES ('럭셔리독 양고기 375g', 1700, 22036, 22, '간식 - 캔/통조림', 100);

INSERT INTO GOODSDB (GOODS_NAME, GOODS_PRICE, GOODSID, CATEGORY_CATEGORYID, GOODS_INFO, GOODS_STOCK) 
VALUES ('아리아스 닭고기 사각캔 100g', 1250, 22037, 22, '간식 - 캔/통조림', 100);

INSERT INTO GOODSDB (GOODS_NAME, GOODS_PRICE, GOODSID, CATEGORY_CATEGORYID, GOODS_INFO, GOODS_STOCK) 
VALUES ('아리아스 오리고기 사각캔 100g', 1250, 22038, 22, '간식 - 캔/통조림', 100);

INSERT INTO GOODSDB (GOODS_NAME, GOODS_PRICE, GOODSID, CATEGORY_CATEGORYID, GOODS_INFO, GOODS_STOCK) 
VALUES ('아리아스 칠면조 , 닭고기 사각캔 100g', 1250, 22039, 22, '간식 - 캔/통조림', 100);

INSERT INTO GOODSDB (GOODS_NAME, GOODS_PRICE, GOODSID, CATEGORY_CATEGORYID, GOODS_INFO, GOODS_STOCK) 
VALUES ('아리아스 칠면조 , 생선 사각캔 100g', 1250, 22040, 22, '간식 - 캔/통조림', 100);

INSERT INTO GOODSDB (GOODS_NAME, GOODS_PRICE, GOODSID, CATEGORY_CATEGORYID, GOODS_INFO, GOODS_STOCK) 
VALUES ('럭셔리발란스 주식캔 양고기 380g', 1550, 22041, 22, '간식 - 캔/통조림', 100);

INSERT INTO GOODSDB (GOODS_NAME, GOODS_PRICE, GOODSID, CATEGORY_CATEGORYID, GOODS_INFO, GOODS_STOCK) 
VALUES ('럭셔리발란스 주식캔 닭고기 380g', 1550, 22042, 22, '간식 - 캔/통조림', 100);

INSERT INTO GOODSDB (GOODS_NAME, GOODS_PRICE, GOODSID, CATEGORY_CATEGORYID, GOODS_INFO, GOODS_STOCK) 
VALUES ('럭셔리발란스 주식캔 소고기 380g', 1550, 22043, 22, '간식 - 캔/통조림', 100);

INSERT INTO GOODSDB (GOODS_NAME, GOODS_PRICE, GOODSID, CATEGORY_CATEGORYID, GOODS_INFO, GOODS_STOCK) 
VALUES ('뉴트리오 닭고기 , 게살 100g', 1200, 22044, 22, '간식 - 캔/통조림', 100);

INSERT INTO GOODSDB (GOODS_NAME, GOODS_PRICE, GOODSID, CATEGORY_CATEGORYID, GOODS_INFO, GOODS_STOCK) 
VALUES ('뉴트리오 닭고기 100g', 1200, 22045, 22, '간식 - 캔/통조림', 100);

INSERT INTO GOODSDB (GOODS_NAME, GOODS_PRICE, GOODSID, CATEGORY_CATEGORYID, GOODS_INFO, GOODS_STOCK) 
VALUES ('뉴트리오 닭고기 , 소고기 100g', 1200, 22046, 22, '간식 - 캔/통조림', 100);

INSERT INTO GOODSDB (GOODS_NAME, GOODS_PRICE, GOODSID, CATEGORY_CATEGORYID, GOODS_INFO, GOODS_STOCK) 
VALUES ('뉴트리오 닭고기 , 쌀 100g', 1200, 22047, 22, '간식 - 캔/통조림', 100);

INSERT INTO GOODSDB (GOODS_NAME, GOODS_PRICE, GOODSID, CATEGORY_CATEGORYID, GOODS_INFO, GOODS_STOCK) 
VALUES ('뉴트리오 닭고기 , 새우 100g', 1200, 22048, 22, '간식 - 캔/통조림', 100);

INSERT INTO GOODSDB (GOODS_NAME, GOODS_PRICE, GOODSID, CATEGORY_CATEGORYID, GOODS_INFO, GOODS_STOCK) 
VALUES ('굿프랜드 스페셜서퍼 소고기 285g', 1700, 22049, 22, '간식 - 캔/통조림', 100);

INSERT INTO GOODSDB (GOODS_NAME, GOODS_PRICE, GOODSID, CATEGORY_CATEGORYID, GOODS_INFO, GOODS_STOCK) 
VALUES ('굿프랜드 스페셜서퍼 양고기 285g', 1700, 22050, 22, '간식 - 캔/통조림', 100);

INSERT INTO GOODSDB (GOODS_NAME, GOODS_PRICE, GOODSID, CATEGORY_CATEGORYID, GOODS_INFO, GOODS_STOCK) 
VALUES ('굿프랜드 독 닭고기 , 쌀 캔 100g', 1200, 22051, 22, '간식 - 캔/통조림', 100);

INSERT INTO GOODSDB (GOODS_NAME, GOODS_PRICE, GOODSID, CATEGORY_CATEGORYID, GOODS_INFO, GOODS_STOCK) 
VALUES ('굿프랜드 독 닭고기 , 소고기 캔 100g', 1200, 22052, 22, '간식 - 캔/통조림', 100);

INSERT INTO GOODSDB (GOODS_NAME, GOODS_PRICE, GOODSID, CATEGORY_CATEGORYID, GOODS_INFO, GOODS_STOCK) 
VALUES ('굿프랜드 독 닭고기 캔 100g', 1200, 22053, 22, '간식 - 캔/통조림', 100);

INSERT INTO GOODSDB (GOODS_NAME, GOODS_PRICE, GOODSID, CATEGORY_CATEGORYID, GOODS_INFO, GOODS_STOCK) 
VALUES ('굿프랜드 독 닭고기 , 야채 캔 100g', 1200, 22054, 22, '간식 - 캔/통조림', 100);

INSERT INTO GOODSDB (GOODS_NAME, GOODS_PRICE, GOODSID, CATEGORY_CATEGORYID, GOODS_INFO, GOODS_STOCK) 
VALUES ('굿프랜드 독 닭고기 , 새우 캔 100g', 1200, 22055, 22, '간식 - 캔/통조림', 100);

INSERT INTO GOODSDB (GOODS_NAME, GOODS_PRICE, GOODSID, CATEGORY_CATEGORYID, GOODS_INFO, GOODS_STOCK) 
VALUES ('한입먹개 오리 스틱 300g', 2450, 23001, 23, '간식 - 육포사시미(대용량)', 100);

INSERT INTO GOODSDB (GOODS_NAME, GOODS_PRICE, GOODSID, CATEGORY_CATEGORYID, GOODS_INFO, GOODS_STOCK) 
VALUES ('한입먹개 오리 큐브 300g', 2450, 23002, 23, '간식 - 육포사시미(대용량)', 100);

INSERT INTO GOODSDB (GOODS_NAME, GOODS_PRICE, GOODSID, CATEGORY_CATEGORYID, GOODS_INFO, GOODS_STOCK) 
VALUES ('한입먹개 오리 스테이크 300g', 2450, 23003, 23, '간식 - 육포사시미(대용량)', 100);

INSERT INTO GOODSDB (GOODS_NAME, GOODS_PRICE, GOODSID, CATEGORY_CATEGORYID, GOODS_INFO, GOODS_STOCK) 
VALUES ('한입먹개 소고기 스틱 300g', 2450, 23004, 23, '간식 - 육포사시미(대용량)', 100);

INSERT INTO GOODSDB (GOODS_NAME, GOODS_PRICE, GOODSID, CATEGORY_CATEGORYID, GOODS_INFO, GOODS_STOCK) 
VALUES ('한입먹개 소고기 큐브 300g', 2450, 23005, 23, '간식 - 육포사시미(대용량)', 100);

INSERT INTO GOODSDB (GOODS_NAME, GOODS_PRICE, GOODSID, CATEGORY_CATEGORYID, GOODS_INFO, GOODS_STOCK) 
VALUES ('한입먹개 소고기 스테이크 300g', 2450, 23006, 23, '간식 - 육포사시미(대용량)', 100);

INSERT INTO GOODSDB (GOODS_NAME, GOODS_PRICE, GOODSID, CATEGORY_CATEGORYID, GOODS_INFO, GOODS_STOCK) 
VALUES ('퓨어밥 오리 큐브 300g', 2750, 23007, 23, '간식 - 육포사시미(대용량)', 100);

INSERT INTO GOODSDB (GOODS_NAME, GOODS_PRICE, GOODSID, CATEGORY_CATEGORYID, GOODS_INFO, GOODS_STOCK) 
VALUES ('퓨어밥 오리 슬라이스 300g', 2750, 23008, 23, '간식 - 육포사시미(대용량)', 100);

INSERT INTO GOODSDB (GOODS_NAME, GOODS_PRICE, GOODSID, CATEGORY_CATEGORYID, GOODS_INFO, GOODS_STOCK) 
VALUES ('퓨어밥 오리 스테이크 300g', 2750, 23009, 23, '간식 - 육포사시미(대용량)', 100);

INSERT INTO GOODSDB (GOODS_NAME, GOODS_PRICE, GOODSID, CATEGORY_CATEGORYID, GOODS_INFO, GOODS_STOCK) 
VALUES ('퓨어밥 연어 큐브 300g', 2750, 23010, 23, '간식 - 육포사시미(대용량)', 100);

INSERT INTO GOODSDB (GOODS_NAME, GOODS_PRICE, GOODSID, CATEGORY_CATEGORYID, GOODS_INFO, GOODS_STOCK) 
VALUES ('퓨어밥 연어 슬라이스 300g', 2750, 23011, 23, '간식 - 육포사시미(대용량)', 100);

INSERT INTO GOODSDB (GOODS_NAME, GOODS_PRICE, GOODSID, CATEGORY_CATEGORYID, GOODS_INFO, GOODS_STOCK) 
VALUES ('참좋은간식 쫀득쫀득 져키 고구마치킨 300g', 2500, 23012, 23, '간식 - 육포사시미(대용량)', 100);

INSERT INTO GOODSDB (GOODS_NAME, GOODS_PRICE, GOODSID, CATEGORY_CATEGORYID, GOODS_INFO, GOODS_STOCK) 
VALUES ('참좋은간식 쫀득쫀득 져키 소고기 300g', 2500, 23013, 23, '간식 - 육포사시미(대용량)', 100);

INSERT INTO GOODSDB (GOODS_NAME, GOODS_PRICE, GOODSID, CATEGORY_CATEGORYID, GOODS_INFO, GOODS_STOCK) 
VALUES ('참좋은간식 쫀득쫀득 져키 치킨 300g', 2500, 23014, 23, '간식 - 육포사시미(대용량)', 100);

INSERT INTO GOODSDB (GOODS_NAME, GOODS_PRICE, GOODSID, CATEGORY_CATEGORYID, GOODS_INFO, GOODS_STOCK) 
VALUES ('참좋은간식 쫀득쫀득 져키 오리 300g', 2500, 23015, 23, '간식 - 육포사시미(대용량)', 100);

INSERT INTO GOODSDB (GOODS_NAME, GOODS_PRICE, GOODSID, CATEGORY_CATEGORYID, GOODS_INFO, GOODS_STOCK) 
VALUES ('착한간식 소고기 스테이크 300g', 2400, 23016, 23, '간식 - 육포사시미(대용량)', 100);

INSERT INTO GOODSDB (GOODS_NAME, GOODS_PRICE, GOODSID, CATEGORY_CATEGORYID, GOODS_INFO, GOODS_STOCK) 
VALUES ('착한간식 소고기 슬라이스 300g', 2400, 23017, 23, '간식 - 육포사시미(대용량)', 100);

INSERT INTO GOODSDB (GOODS_NAME, GOODS_PRICE, GOODSID, CATEGORY_CATEGORYID, GOODS_INFO, GOODS_STOCK) 
VALUES ('한간식 소고기 큐브 300g', 2400, 23018, 23, '간식 - 육포사시미(대용량)', 100);

INSERT INTO GOODSDB (GOODS_NAME, GOODS_PRICE, GOODSID, CATEGORY_CATEGORYID, GOODS_INFO, GOODS_STOCK) 
VALUES ('뉴트리오 소고기 연골 큐블 300g', 4200, 23019, 23, '간식 - 육포사시미(대용량)', 100);

INSERT INTO GOODSDB (GOODS_NAME, GOODS_PRICE, GOODSID, CATEGORY_CATEGORYID, GOODS_INFO, GOODS_STOCK) 
VALUES ('뉴트리오 치킨 연골 큐블 300g', 4200, 23020, 23, '간식 - 육포사시미(대용량)', 100);

INSERT INTO GOODSDB (GOODS_NAME, GOODS_PRICE, GOODSID, CATEGORY_CATEGORYID, GOODS_INFO, GOODS_STOCK) 
VALUES ('펫스토랑 오리 스테이크 300g', 2650, 23021, 23, '간식 - 육포사시미(대용량)', 100);

INSERT INTO GOODSDB (GOODS_NAME, GOODS_PRICE, GOODSID, CATEGORY_CATEGORYID, GOODS_INFO, GOODS_STOCK) 
VALUES ('펫스토랑 오리 스테이크 혼합 300g', 2650, 23022, 23, '간식 - 육포사시미(대용량)', 100);

INSERT INTO GOODSDB (GOODS_NAME, GOODS_PRICE, GOODSID, CATEGORY_CATEGORYID, GOODS_INFO, GOODS_STOCK) 
VALUES ('펫스토랑 소고기 스테이크 큐브 300g', 2650, 23023, 23, '간식 - 육포사시미(대용량)', 100);

INSERT INTO GOODSDB (GOODS_NAME, GOODS_PRICE, GOODSID, CATEGORY_CATEGORYID, GOODS_INFO, GOODS_STOCK) 
VALUES ('펫스토랑 소고기 스테이크 슬라이스 300g', 2650, 23024, 23, '간식 - 육포사시미(대용량)', 100);

INSERT INTO GOODSDB (GOODS_NAME, GOODS_PRICE, GOODSID, CATEGORY_CATEGORYID, GOODS_INFO, GOODS_STOCK) 
VALUES ('아르테미스 제스퍼 져키 양고기 400g', 7600, 23025, 23, '간식 - 육포사시미(대용량)', 100);

INSERT INTO GOODSDB (GOODS_NAME, GOODS_PRICE, GOODSID, CATEGORY_CATEGORYID, GOODS_INFO, GOODS_STOCK) 
VALUES ('뉴트리오 오리 연골 큐블 300g', 4200, 23026, 23, '간식 - 육포사시미(대용량)', 100);

INSERT INTO GOODSDB (GOODS_NAME, GOODS_PRICE, GOODSID, CATEGORY_CATEGORYID, GOODS_INFO, GOODS_STOCK) 
VALUES ('뉴트리오 오리 연골 스테이크 300g', 3800, 23027, 23, '간식 - 육포사시미(대용량)', 100);

INSERT INTO GOODSDB (GOODS_NAME, GOODS_PRICE, GOODSID, CATEGORY_CATEGORYID, GOODS_INFO, GOODS_STOCK) 
VALUES ('뉴트리오 치킨 연골 스테이크 300g', 3800, 23028, 23, '간식 - 육포사시미(대용량)', 100);

INSERT INTO GOODSDB (GOODS_NAME, GOODS_PRICE, GOODSID, CATEGORY_CATEGORYID, GOODS_INFO, GOODS_STOCK) 
VALUES ('뉴트리오 소고기 연골 스테이크 300g', 3800, 23029, 23, '간식 - 육포사시미(대용량)', 100);

INSERT INTO GOODSDB (GOODS_NAME, GOODS_PRICE, GOODSID, CATEGORY_CATEGORYID, GOODS_INFO, GOODS_STOCK) 
VALUES ('뉴트리오 홍삼 오리 큐블 300g', 4200, 23030, 23, '간식 - 육포사시미(대용량)', 100);

INSERT INTO GOODSDB (GOODS_NAME, GOODS_PRICE, GOODSID, CATEGORY_CATEGORYID, GOODS_INFO, GOODS_STOCK) 
VALUES ('뉴트리오 홍삼 치킨 큐블 300g', 4200, 23031, 23, '간식 - 육포사시미(대용량)', 100);

INSERT INTO GOODSDB (GOODS_NAME, GOODS_PRICE, GOODSID, CATEGORY_CATEGORYID, GOODS_INFO, GOODS_STOCK) 
VALUES ('메가미트 치킨 윙 1kg', 19700, 23032, 23, '간식 - 육포사시미(대용량)', 100);

INSERT INTO GOODSDB (GOODS_NAME, GOODS_PRICE, GOODSID, CATEGORY_CATEGORYID, GOODS_INFO, GOODS_STOCK) 
VALUES ('메가미트 치킨 고구마 1kg', 19700, 23033, 23, '간식 - 육포사시미(대용량)', 100);

INSERT INTO GOODSDB (GOODS_NAME, GOODS_PRICE, GOODSID, CATEGORY_CATEGORYID, GOODS_INFO, GOODS_STOCK) 
VALUES ('메가미트 치킨 비스켓 1kg', 19700, 23034, 23, '간식 - 육포사시미(대용량)', 100);

INSERT INTO GOODSDB (GOODS_NAME, GOODS_PRICE, GOODSID, CATEGORY_CATEGORYID, GOODS_INFO, GOODS_STOCK) 
VALUES ('아르테미스 제스퍼 저키 칠면조 400g', 7600, 23035, 23, '간식 - 육포사시미(대용량)', 100);

INSERT INTO GOODSDB (GOODS_NAME, GOODS_PRICE, GOODSID, CATEGORY_CATEGORYID, GOODS_INFO, GOODS_STOCK) 
VALUES ('참좋은간식 쫀득쫀득 져키 치킨 라이스 큐브 300g', 2500, 23036, 23, '간식 - 육포사시미(대용량)', 100);

INSERT INTO GOODSDB (GOODS_NAME, GOODS_PRICE, GOODSID, CATEGORY_CATEGORYID, GOODS_INFO, GOODS_STOCK) 
VALUES ('참좋은간식 쫀득쫀득 져키 치킨 고구마 라이스 스틱 300g', 2500, 23037, 23, '간식 - 육포사시미(대용량)', 100);

INSERT INTO GOODSDB (GOODS_NAME, GOODS_PRICE, GOODSID, CATEGORY_CATEGORYID, GOODS_INFO, GOODS_STOCK) 
VALUES ('메가미트 치킨 빼빼로 1kg', 19700, 23038, 23, '간식 - 육포사시미(대용량)', 100);

INSERT INTO GOODSDB (GOODS_NAME, GOODS_PRICE, GOODSID, CATEGORY_CATEGORYID, GOODS_INFO, GOODS_STOCK) 
VALUES ('메가미트 오리 윙 1kg', 19700, 23039, 23, '간식 - 육포사시미(대용량)', 100);

INSERT INTO GOODSDB (GOODS_NAME, GOODS_PRICE, GOODSID, CATEGORY_CATEGORYID, GOODS_INFO, GOODS_STOCK) 
VALUES ('메가미트 오리 고구마 1kg', 19700, 23040, 23, '간식 - 육포사시미(대용량)', 100);

INSERT INTO GOODSDB (GOODS_NAME, GOODS_PRICE, GOODSID, CATEGORY_CATEGORYID, GOODS_INFO, GOODS_STOCK) 
VALUES ('메가미트 오리 비스켓 1kg', 19700, 23041, 23, '간식 - 육포사시미(대용량)', 100);

INSERT INTO GOODSDB (GOODS_NAME, GOODS_PRICE, GOODSID, CATEGORY_CATEGORYID, GOODS_INFO, GOODS_STOCK) 
VALUES ('메가미트 오리 빼빼로 1kg', 19700, 23042, 23, '간식 - 육포사시미(대용량)', 100);

INSERT INTO GOODSDB (GOODS_NAME, GOODS_PRICE, GOODSID, CATEGORY_CATEGORYID, GOODS_INFO, GOODS_STOCK) 
VALUES ('메가미트 소고기 스테이크 슬라이스 1kg', 19700, 23043, 23, '간식 - 육포사시미(대용량)', 100);

INSERT INTO GOODSDB (GOODS_NAME, GOODS_PRICE, GOODSID, CATEGORY_CATEGORYID, GOODS_INFO, GOODS_STOCK) 
VALUES ('메가미트 소고기 스테이크 큐브 1kg', 19700, 23044, 23, '간식 - 육포사시미(대용량)', 100);

INSERT INTO GOODSDB (GOODS_NAME, GOODS_PRICE, GOODSID, CATEGORY_CATEGORYID, GOODS_INFO, GOODS_STOCK) 
VALUES ('메가미트 소고기 스테이크 덤벨 1kg', 19700, 23045, 23, '간식 - 육포사시미(대용량)', 100);

INSERT INTO GOODSDB (GOODS_NAME, GOODS_PRICE, GOODSID, CATEGORY_CATEGORYID, GOODS_INFO, GOODS_STOCK) 
VALUES ('메가미트 칠면조 스테이크 덤벨 1kg', 19700, 23046, 23, '간식 - 육포사시미(대용량)', 100);

INSERT INTO GOODSDB (GOODS_NAME, GOODS_PRICE, GOODSID, CATEGORY_CATEGORYID, GOODS_INFO, GOODS_STOCK) 
VALUES ('착한간식 치킨쌀스틱 300g', 2400, 23047, 23, '간식 - 육포사시미(대용량)', 100);

INSERT INTO GOODSDB (GOODS_NAME, GOODS_PRICE, GOODSID, CATEGORY_CATEGORYID, GOODS_INFO, GOODS_STOCK) 
VALUES ('펫스토랑 오리 스테이크 슬라이스 300g', 2650, 23048, 23, '간식 - 육포사시미(대용량)', 100);

INSERT INTO GOODSDB (GOODS_NAME, GOODS_PRICE, GOODSID, CATEGORY_CATEGORYID, GOODS_INFO, GOODS_STOCK) 
VALUES ('참좋은간식 쫀득쫀득 져키 오리 라이스 스틱 300g', 2550, 23049, 23, '간식 - 육포사시미(대용량)', 100);

INSERT INTO GOODSDB (GOODS_NAME, GOODS_PRICE, GOODSID, CATEGORY_CATEGORYID, GOODS_INFO, GOODS_STOCK) 
VALUES ('참좋은간식 쫀득쫀득 져키 소고기 라이스 큐브 300g', 2550, 23050, 23, '간식 - 육포사시미(대용량)', 100);

INSERT INTO GOODSDB (GOODS_NAME, GOODS_PRICE, GOODSID, CATEGORY_CATEGORYID, GOODS_INFO, GOODS_STOCK) 
VALUES ('참좋은간식 쫀득쫀득 져키 연어 라이스 큐브 300g', 2550, 23051, 23, '간식 - 육포사시미(대용량)', 100);

INSERT INTO GOODSDB (GOODS_NAME, GOODS_PRICE, GOODSID, CATEGORY_CATEGORYID, GOODS_INFO, GOODS_STOCK) 
VALUES ('참좋은간식 쫀득쫀득 져키 오리 라이스 큐브 300g', 2550, 23052, 23, '간식 - 육포사시미(대용량)', 100);

INSERT INTO GOODSDB (GOODS_NAME, GOODS_PRICE, GOODSID, CATEGORY_CATEGORYID, GOODS_INFO, GOODS_STOCK) 
VALUES ('참좋은간식 쫀득쫀득 져키 치킨 고구마 라이스 큐브 300g', 2550, 23053, 23, '간식 - 육포사시미(대용량)', 100);

INSERT INTO GOODSDB (GOODS_NAME, GOODS_PRICE, GOODSID, CATEGORY_CATEGORYID, GOODS_INFO, GOODS_STOCK) 
VALUES ('펫스토랑 황태 스테이크 300g', 2700, 23054, 23, '간식 - 육포사시미(대용량)', 100);

INSERT INTO GOODSDB (GOODS_NAME, GOODS_PRICE, GOODSID, CATEGORY_CATEGORYID, GOODS_INFO, GOODS_STOCK) 
VALUES ('펫스토랑 황태 스테이크 혼합 300g', 2700, 23055, 23, '간식 - 육포사시미(대용량)', 100);

INSERT INTO GOODSDB (GOODS_NAME, GOODS_PRICE, GOODSID, CATEGORY_CATEGORYID, GOODS_INFO, GOODS_STOCK) 
VALUES ('펫스토랑 황태 스테이크 큐브 300g', 2700, 23056, 23, '간식 - 육포사시미(대용량)', 100);

INSERT INTO GOODSDB (GOODS_NAME, GOODS_PRICE, GOODSID, CATEGORY_CATEGORYID, GOODS_INFO, GOODS_STOCK) 
VALUES ('펫스토랑 황태 스테이크 슬라이스 300g', 2700, 23057, 23, '간식 - 육포사시미(대용량)', 100);

INSERT INTO GOODSDB (GOODS_NAME, GOODS_PRICE, GOODSID, CATEGORY_CATEGORYID, GOODS_INFO, GOODS_STOCK) 
VALUES ('펫스토랑 오리 스테이크 큐브 300g', 2700, 23058, 23, '간식 - 육포사시미(대용량)', 100);

INSERT INTO GOODSDB (GOODS_NAME, GOODS_PRICE, GOODSID, CATEGORY_CATEGORYID, GOODS_INFO, GOODS_STOCK) 
VALUES ('펫스토랑 연어 스테이크 300g', 2700, 23059, 23, '간식 - 육포사시미(대용량)', 100);

INSERT INTO GOODSDB (GOODS_NAME, GOODS_PRICE, GOODSID, CATEGORY_CATEGORYID, GOODS_INFO, GOODS_STOCK) 
VALUES ('펫스토랑 연어 스테이크 혼합 300g', 2700, 23060, 23, '간식 - 육포사시미(대용량)', 100);

INSERT INTO GOODSDB (GOODS_NAME, GOODS_PRICE, GOODSID, CATEGORY_CATEGORYID, GOODS_INFO, GOODS_STOCK) 
VALUES ('펫스토랑 연어 스테이크 큐브 300g', 2700, 23061, 23, '간식 - 육포사시미(대용량)', 100);

INSERT INTO GOODSDB (GOODS_NAME, GOODS_PRICE, GOODSID, CATEGORY_CATEGORYID, GOODS_INFO, GOODS_STOCK) 
VALUES ('펫스토랑 연어 스테이크 슬라이스 300g', 2700, 23062, 23, '간식 - 육포사시미(대용량)', 100);

INSERT INTO GOODSDB (GOODS_NAME, GOODS_PRICE, GOODSID, CATEGORY_CATEGORYID, GOODS_INFO, GOODS_STOCK) 
VALUES ('펫스토랑 소고기 스테이크 300g', 2700, 23063, 23, '간식 - 육포사시미(대용량)', 100);

INSERT INTO GOODSDB (GOODS_NAME, GOODS_PRICE, GOODSID, CATEGORY_CATEGORYID, GOODS_INFO, GOODS_STOCK) 
VALUES ('펫스토랑 소고기 스테이크 혼합 300g', 2700, 23064, 23, '간식 - 육포사시미(대용량)', 100);

INSERT INTO GOODSDB (GOODS_NAME, GOODS_PRICE, GOODSID, CATEGORY_CATEGORYID, GOODS_INFO, GOODS_STOCK) 
VALUES ('아르테미스 제스퍼 져키 오리고기 400g', 7600, 23065, 23, '간식 - 육포사시미(대용량)', 100);

INSERT INTO GOODSDB (GOODS_NAME, GOODS_PRICE, GOODSID, CATEGORY_CATEGORYID, GOODS_INFO, GOODS_STOCK) 
VALUES ('아르테미스 제스퍼 져키 연어 400g', 7600, 23066, 23, '간식 - 육포사시미(대용량)', 100);

INSERT INTO GOODSDB (GOODS_NAME, GOODS_PRICE, GOODSID, CATEGORY_CATEGORYID, GOODS_INFO, GOODS_STOCK) 
VALUES ('아르테미스 제스퍼 져키 닭고기 400g', 7600, 23067, 23, '간식 - 육포사시미(대용량)', 100);

INSERT INTO GOODSDB (GOODS_NAME, GOODS_PRICE, GOODSID, CATEGORY_CATEGORYID, GOODS_INFO, GOODS_STOCK) 
VALUES ('뉴트리오 오리 돈까스 400g', 5900, 23068, 23, '간식 - 육포사시미(대용량)', 100);

INSERT INTO GOODSDB (GOODS_NAME, GOODS_PRICE, GOODSID, CATEGORY_CATEGORYID, GOODS_INFO, GOODS_STOCK) 
VALUES ('참좋은간식 쫀득쫀득 져키 소고기 라이스 스틱 300g', 2550, 23069, 23, '간식 - 육포사시미(대용량)', 100);

INSERT INTO GOODSDB (GOODS_NAME, GOODS_PRICE, GOODSID, CATEGORY_CATEGORYID, GOODS_INFO, GOODS_STOCK) 
VALUES ('참좋은간식 쫀득쫀득 져키 연어 라이스 스틱 300g', 2550, 23070, 23, '간식 - 육포사시미(대용량)', 100);

INSERT INTO GOODSDB (GOODS_NAME, GOODS_PRICE, GOODSID, CATEGORY_CATEGORYID, GOODS_INFO, GOODS_STOCK) 
VALUES ('참좋은간식 쫀득쫀득 져키 치킨 라이스 스틱 300g', 2550, 23071, 23, '간식 - 육포사시미(대용량)', 100);

INSERT INTO GOODSDB (GOODS_NAME, GOODS_PRICE, GOODSID, CATEGORY_CATEGORYID, GOODS_INFO, GOODS_STOCK) 
VALUES ('메가미트 연어 스테이크 슬라이스 1kg', 19700, 23072, 23, '간식 - 육포사시미(대용량)', 100);

INSERT INTO GOODSDB (GOODS_NAME, GOODS_PRICE, GOODSID, CATEGORY_CATEGORYID, GOODS_INFO, GOODS_STOCK) 
VALUES ('메가미트 연어 스테이크 큐브 1kg', 19700, 23073, 23, '간식 - 육포사시미(대용량)', 100);

INSERT INTO GOODSDB (GOODS_NAME, GOODS_PRICE, GOODSID, CATEGORY_CATEGORYID, GOODS_INFO, GOODS_STOCK) 
VALUES ('메가미트 연어 스테이크 덤벨 1kg', 19700, 23074, 23, '간식 - 육포사시미(대용량)', 100);

INSERT INTO GOODSDB (GOODS_NAME, GOODS_PRICE, GOODSID, CATEGORY_CATEGORYID, GOODS_INFO, GOODS_STOCK) 
VALUES ('메가미트 칠면조 스테이크 슬라이스 1kg', 19700, 23075, 23, '간식 - 육포사시미(대용량)', 100);

INSERT INTO GOODSDB (GOODS_NAME, GOODS_PRICE, GOODSID, CATEGORY_CATEGORYID, GOODS_INFO, GOODS_STOCK) 
VALUES ('메가미트 칠면조 스테이크 큐브 1kg', 19700, 24001, 24, '간식 - 육포사시미(소용량)', 100);

INSERT INTO GOODSDB (GOODS_NAME, GOODS_PRICE, GOODSID, CATEGORY_CATEGORYID, GOODS_INFO, GOODS_STOCK) 
VALUES ('참좋은간식 소울대 , 연어 20g', 850, 24002, 24, '간식 - 육포사시미(소용량)', 100);

INSERT INTO GOODSDB (GOODS_NAME, GOODS_PRICE, GOODSID, CATEGORY_CATEGORYID, GOODS_INFO, GOODS_STOCK) 
VALUES ('뉴트리오 소울대 , 닭고기 140g', 4200, 24003, 24, '간식 - 육포사시미(소용량)', 100);

INSERT INTO GOODSDB (GOODS_NAME, GOODS_PRICE, GOODSID, CATEGORY_CATEGORYID, GOODS_INFO, GOODS_STOCK) 
VALUES ('오리사랑 오리덤벨 400g', 4650, 24004, 24, '간식 - 육포사시미(소용량)', 100);

INSERT INTO GOODSDB (GOODS_NAME, GOODS_PRICE, GOODSID, CATEGORY_CATEGORYID, GOODS_INFO, GOODS_STOCK) 
VALUES ('굿프랜드 슬라이스사사미 60g', 1600, 24005, 24, '간식 - 육포사시미(소용량)', 100);

INSERT INTO GOODSDB (GOODS_NAME, GOODS_PRICE, GOODSID, CATEGORY_CATEGORYID, GOODS_INFO, GOODS_STOCK) 
VALUES ('오리가쿵 맛있는 큐브 200g', 4800, 24006, 24, '간식 - 육포사시미(소용량)', 100);

INSERT INTO GOODSDB (GOODS_NAME, GOODS_PRICE, GOODSID, CATEGORY_CATEGORYID, GOODS_INFO, GOODS_STOCK) 
VALUES ('극상소재 맛집 닭고기 200g', 4800, 24007, 24, '간식 - 육포사시미(소용량)', 100);

INSERT INTO GOODSDB (GOODS_NAME, GOODS_PRICE, GOODSID, CATEGORY_CATEGORYID, GOODS_INFO, GOODS_STOCK) 
VALUES ('극상소재 맛집 소고기 200g', 4800, 24008, 24, '간식 - 육포사시미(소용량)', 100);

INSERT INTO GOODSDB (GOODS_NAME, GOODS_PRICE, GOODSID, CATEGORY_CATEGORYID, GOODS_INFO, GOODS_STOCK) 
VALUES ('극상소재 맛집 양고기 200g', 4800, 24009, 24, '간식 - 육포사시미(소용량)', 100);

INSERT INTO GOODSDB (GOODS_NAME, GOODS_PRICE, GOODSID, CATEGORY_CATEGORYID, GOODS_INFO, GOODS_STOCK) 
VALUES ('극상소재 맛집 황태 200g', 4800, 24010, 24, '간식 - 육포사시미(소용량)', 100);

INSERT INTO GOODSDB (GOODS_NAME, GOODS_PRICE, GOODSID, CATEGORY_CATEGORYID, GOODS_INFO, GOODS_STOCK) 
VALUES ('브리더랩 제로팩 샌드 치킨 , 황태 100g', 2950, 24011, 24, '간식 - 육포사시미(소용량)', 100);

INSERT INTO GOODSDB (GOODS_NAME, GOODS_PRICE, GOODSID, CATEGORY_CATEGORYID, GOODS_INFO, GOODS_STOCK) 
VALUES ('브리더랩 제로팩 샌드 소고기 , 황태 100g', 2950, 24012, 24, '간식 - 육포사시미(소용량)', 100);

INSERT INTO GOODSDB (GOODS_NAME, GOODS_PRICE, GOODSID, CATEGORY_CATEGORYID, GOODS_INFO, GOODS_STOCK) 
VALUES ('브리더랩 제로팩 샌드 오리 , 황태 100g', 2950, 24013, 24, '간식 - 육포사시미(소용량)', 100);

INSERT INTO GOODSDB (GOODS_NAME, GOODS_PRICE, GOODSID, CATEGORY_CATEGORYID, GOODS_INFO, GOODS_STOCK) 
VALUES ('브리더랩 제로팩 샌드 연어 , 황태 100g', 2950, 24014, 24, '간식 - 육포사시미(소용량)', 100);

INSERT INTO GOODSDB (GOODS_NAME, GOODS_PRICE, GOODSID, CATEGORY_CATEGORYID, GOODS_INFO, GOODS_STOCK) 
VALUES ('펫러닝 갬성버거 오리고기 치즈 100g', 840, 24015, 24, '간식 - 육포사시미(소용량)', 100);

INSERT INTO GOODSDB (GOODS_NAME, GOODS_PRICE, GOODSID, CATEGORY_CATEGORYID, GOODS_INFO, GOODS_STOCK) 
VALUES ('펫러닝 갬성버거 소고기 치즈 100g', 840, 24016, 24, '간식 - 육포사시미(소용량)', 100);

INSERT INTO GOODSDB (GOODS_NAME, GOODS_PRICE, GOODSID, CATEGORY_CATEGORYID, GOODS_INFO, GOODS_STOCK) 
VALUES ('참좋은간식 고구마 치즈 연어봉 100g', 2100, 24017, 24, '간식 - 육포사시미(소용량)', 100);

INSERT INTO GOODSDB (GOODS_NAME, GOODS_PRICE, GOODSID, CATEGORY_CATEGORYID, GOODS_INFO, GOODS_STOCK) 
VALUES ('참좋은간식 고구마 치즈 오리봉 100g', 2100, 24018, 24, '간식 - 육포사시미(소용량)', 100);

INSERT INTO GOODSDB (GOODS_NAME, GOODS_PRICE, GOODSID, CATEGORY_CATEGORYID, GOODS_INFO, GOODS_STOCK) 
VALUES ('참좋은간식 고구마 치즈 치킨말이 100g', 2100, 24019, 24, '간식 - 육포사시미(소용량)', 100);

INSERT INTO GOODSDB (GOODS_NAME, GOODS_PRICE, GOODSID, CATEGORY_CATEGORYID, GOODS_INFO, GOODS_STOCK) 
VALUES ('아침애 연어버거 100g', 670, 24020, 24, '간식 - 육포사시미(소용량)', 100);

INSERT INTO GOODSDB (GOODS_NAME, GOODS_PRICE, GOODSID, CATEGORY_CATEGORYID, GOODS_INFO, GOODS_STOCK) 
VALUES ('아침애 오리버거 100g', 670, 24021, 24, '간식 - 육포사시미(소용량)', 100);

INSERT INTO GOODSDB (GOODS_NAME, GOODS_PRICE, GOODSID, CATEGORY_CATEGORYID, GOODS_INFO, GOODS_STOCK) 
VALUES ('좋은친구들 소고기 스테이크 50g', 2600, 24022, 24, '간식 - 육포사시미(소용량)', 100);

INSERT INTO GOODSDB (GOODS_NAME, GOODS_PRICE, GOODSID, CATEGORY_CATEGORYID, GOODS_INFO, GOODS_STOCK) 
VALUES ('좋은친구들 참치 스테이크 50g', 2600, 24023, 24, '간식 - 육포사시미(소용량)', 100);

INSERT INTO GOODSDB (GOODS_NAME, GOODS_PRICE, GOODSID, CATEGORY_CATEGORYID, GOODS_INFO, GOODS_STOCK) 
VALUES ('좋은친구들 연어 스테이크 50g', 2600, 24024, 24, '간식 - 육포사시미(소용량)', 100);

INSERT INTO GOODSDB (GOODS_NAME, GOODS_PRICE, GOODSID, CATEGORY_CATEGORYID, GOODS_INFO, GOODS_STOCK) 
VALUES ('개이득 혼합 스몰 바이트 200g', 2600, 24025, 24, '간식 - 육포사시미(소용량)', 100);

INSERT INTO GOODSDB (GOODS_NAME, GOODS_PRICE, GOODSID, CATEGORY_CATEGORYID, GOODS_INFO, GOODS_STOCK) 
VALUES ('참좋은간식 소울대 , 참치 20g', 850, 24026, 24, '간식 - 육포사시미(소용량)', 100);

INSERT INTO GOODSDB (GOODS_NAME, GOODS_PRICE, GOODSID, CATEGORY_CATEGORYID, GOODS_INFO, GOODS_STOCK) 
VALUES ('뉴트리오 오리 북어 말이 180g', 5000, 24027, 24, '간식 - 육포사시미(소용량)', 100);

INSERT INTO GOODSDB (GOODS_NAME, GOODS_PRICE, GOODSID, CATEGORY_CATEGORYID, GOODS_INFO, GOODS_STOCK) 
VALUES ('개꿀 소고기 져키 70g', 3400, 24028, 24, '간식 - 육포사시미(소용량)', 100);

INSERT INTO GOODSDB (GOODS_NAME, GOODS_PRICE, GOODSID, CATEGORY_CATEGORYID, GOODS_INFO, GOODS_STOCK) 
VALUES ('연어가쿵 맛있는 큐브 200g', 4800, 24029, 24, '간식 - 육포사시미(소용량)', 100);

INSERT INTO GOODSDB (GOODS_NAME, GOODS_PRICE, GOODSID, CATEGORY_CATEGORYID, GOODS_INFO, GOODS_STOCK) 
VALUES ('개이득 오리 큐브 200g', 4900, 24030, 24, '간식 - 육포사시미(소용량)', 100);

INSERT INTO GOODSDB (GOODS_NAME, GOODS_PRICE, GOODSID, CATEGORY_CATEGORYID, GOODS_INFO, GOODS_STOCK) 
VALUES ('개이득 오리 슬라이스 200g', 4900, 24031, 24, '간식 - 육포사시미(소용량)', 100);

INSERT INTO GOODSDB (GOODS_NAME, GOODS_PRICE, GOODSID, CATEGORY_CATEGORYID, GOODS_INFO, GOODS_STOCK) 
VALUES ('개이득 연어 큐브 200g', 4900, 24032, 24, '간식 - 육포사시미(소용량)', 100);

INSERT INTO GOODSDB (GOODS_NAME, GOODS_PRICE, GOODSID, CATEGORY_CATEGORYID, GOODS_INFO, GOODS_STOCK) 
VALUES ('개이득 연어 슬라이스 200g', 4900, 24033, 24, '간식 - 육포사시미(소용량)', 100);

INSERT INTO GOODSDB (GOODS_NAME, GOODS_PRICE, GOODSID, CATEGORY_CATEGORYID, GOODS_INFO, GOODS_STOCK) 
VALUES ('개이득 소 큐브 200g', 4900, 24034, 24, '간식 - 육포사시미(소용량)', 100);

INSERT INTO GOODSDB (GOODS_NAME, GOODS_PRICE, GOODSID, CATEGORY_CATEGORYID, GOODS_INFO, GOODS_STOCK) 
VALUES ('개이득 소 슬라이스 200g', 4900, 24035, 24, '간식 - 육포사시미(소용량)', 100);

INSERT INTO GOODSDB (GOODS_NAME, GOODS_PRICE, GOODSID, CATEGORY_CATEGORYID, GOODS_INFO, GOODS_STOCK) 
VALUES ('바우와우 치킨져키 150g', 2800, 24036, 24, '간식 - 육포사시미(소용량)', 100);

INSERT INTO GOODSDB (GOODS_NAME, GOODS_PRICE, GOODSID, CATEGORY_CATEGORYID, GOODS_INFO, GOODS_STOCK) 
VALUES ('참좋은간식 꼬치꼬치 오리 , 북어 4개입', 2800, 24037, 24, '간식 - 육포사시미(소용량)', 100);

INSERT INTO GOODSDB (GOODS_NAME, GOODS_PRICE, GOODSID, CATEGORY_CATEGORYID, GOODS_INFO, GOODS_STOCK) 
VALUES ('참좋은간식 꼬치꼬치 연어 , 북어 4개입', 2800, 24038, 24, '간식 - 육포사시미(소용량)', 100);

INSERT INTO GOODSDB (GOODS_NAME, GOODS_PRICE, GOODSID, CATEGORY_CATEGORYID, GOODS_INFO, GOODS_STOCK) 
VALUES ('참좋은간식 꼬치꼬치 소 , 북어 4개입', 2800, 24039, 24, '간식 - 육포사시미(소용량)', 100);

INSERT INTO GOODSDB (GOODS_NAME, GOODS_PRICE, GOODSID, CATEGORY_CATEGORYID, GOODS_INFO, GOODS_STOCK) 
VALUES ('참좋은간식 꼬치꼬치 치킨 , 북어 1개입', 770, 24040, 24, '간식 - 육포사시미(소용량)', 100);

INSERT INTO GOODSDB (GOODS_NAME, GOODS_PRICE, GOODSID, CATEGORY_CATEGORYID, GOODS_INFO, GOODS_STOCK) 
VALUES ('참좋은간식 꼬치꼬치 연어 , 북어 1개입', 770, 24041, 24, '간식 - 육포사시미(소용량)', 100);

INSERT INTO GOODSDB (GOODS_NAME, GOODS_PRICE, GOODSID, CATEGORY_CATEGORYID, GOODS_INFO, GOODS_STOCK) 
VALUES ('참좋은간식 꼬치꼬치 소 , 북어 1개입', 770, 24042, 24, '간식 - 육포사시미(소용량)', 100);

INSERT INTO GOODSDB (GOODS_NAME, GOODS_PRICE, GOODSID, CATEGORY_CATEGORYID, GOODS_INFO, GOODS_STOCK) 
VALUES ('참좋은간식 꼬치꼬치 치킨 , 북어 4개입', 2800, 24043, 24, '간식 - 육포사시미(소용량)', 100);

INSERT INTO GOODSDB (GOODS_NAME, GOODS_PRICE, GOODSID, CATEGORY_CATEGORYID, GOODS_INFO, GOODS_STOCK) 
VALUES ('참좋은간식 버팔로 치킨츄 본 S 5개입', 4500, 24044, 24, '간식 - 육포사시미(소용량)', 100);

INSERT INTO GOODSDB (GOODS_NAME, GOODS_PRICE, GOODSID, CATEGORY_CATEGORYID, GOODS_INFO, GOODS_STOCK) 
VALUES ('참좋은간식 치킨 연어 호박 큐브 100g', 2500, 24045, 24, '간식 - 육포사시미(소용량)', 100);

INSERT INTO GOODSDB (GOODS_NAME, GOODS_PRICE, GOODSID, CATEGORY_CATEGORYID, GOODS_INFO, GOODS_STOCK) 
VALUES ('참좋은간식 치킨 연어 브로콜리 큐브 100g', 2500, 24046, 24, '간식 - 육포사시미(소용량)', 100);

INSERT INTO GOODSDB (GOODS_NAME, GOODS_PRICE, GOODSID, CATEGORY_CATEGORYID, GOODS_INFO, GOODS_STOCK) 
VALUES ('참좋은간식 치킨 연어 당근 큐브 100g', 2500, 24047, 24, '간식 - 육포사시미(소용량)', 100);

INSERT INTO GOODSDB (GOODS_NAME, GOODS_PRICE, GOODSID, CATEGORY_CATEGORYID, GOODS_INFO, GOODS_STOCK) 
VALUES ('뉴트리오 닭 북어 말이 180g', 5000, 24048, 24, '간식 - 육포사시미(소용량)', 100);

INSERT INTO GOODSDB (GOODS_NAME, GOODS_PRICE, GOODSID, CATEGORY_CATEGORYID, GOODS_INFO, GOODS_STOCK) 
VALUES ('뉴트리오 소울대 , 오리고기 140g', 4200, 24049, 24, '간식 - 육포사시미(소용량)', 100);

INSERT INTO GOODSDB (GOODS_NAME, GOODS_PRICE, GOODSID, CATEGORY_CATEGORYID, GOODS_INFO, GOODS_STOCK) 
VALUES ('뉴트리오 소울대 , 소고기 140g', 4200, 24050, 24, '간식 - 육포사시미(소용량)', 100);

INSERT INTO GOODSDB (GOODS_NAME, GOODS_PRICE, GOODSID, CATEGORY_CATEGORYID, GOODS_INFO, GOODS_STOCK) 
VALUES ('개꿀 오리고기 져키 70g', 3400, 24051, 24, '간식 - 육포사시미(소용량)', 100);

INSERT INTO GOODSDB (GOODS_NAME, GOODS_PRICE, GOODSID, CATEGORY_CATEGORYID, GOODS_INFO, GOODS_STOCK) 
VALUES ('브리더랩 믹스쿵 스몰바이트', 4800, 24052, 24, '간식 - 육포사시미(소용량)', 100);

INSERT INTO GOODSDB (GOODS_NAME, GOODS_PRICE, GOODSID, CATEGORY_CATEGORYID, GOODS_INFO, GOODS_STOCK) 
VALUES ('오리사랑 오리고구마 400g', 4650, 24053, 24, '간식 - 육포사시미(소용량)', 100);

INSERT INTO GOODSDB (GOODS_NAME, GOODS_PRICE, GOODSID, CATEGORY_CATEGORYID, GOODS_INFO, GOODS_STOCK) 
VALUES ('오리사랑 오리슬라이스 400g', 4650, 24054, 24, '간식 - 육포사시미(소용량)', 100);

INSERT INTO GOODSDB (GOODS_NAME, GOODS_PRICE, GOODSID, CATEGORY_CATEGORYID, GOODS_INFO, GOODS_STOCK) 
VALUES ('오리가쿵 맛있는 슬라이스 200g', 4800, 24055, 24, '간식 - 육포사시미(소용량)', 100);

INSERT INTO GOODSDB (GOODS_NAME, GOODS_PRICE, GOODSID, CATEGORY_CATEGORYID, GOODS_INFO, GOODS_STOCK) 
VALUES ('연어가쿵 맛있는 슬라이스 200g', 4800, 24056, 24, '간식 - 육포사시미(소용량)', 100);

INSERT INTO GOODSDB (GOODS_NAME, GOODS_PRICE, GOODSID, CATEGORY_CATEGORYID, GOODS_INFO, GOODS_STOCK) 
VALUES ('소가쿵 맛있는 큐브 200g', 4800, 24057, 24, '간식 - 육포사시미(소용량)', 100);

INSERT INTO GOODSDB (GOODS_NAME, GOODS_PRICE, GOODSID, CATEGORY_CATEGORYID, GOODS_INFO, GOODS_STOCK) 
VALUES ('참좋은간식 하얀소세지 북어 20개입', 2650, 25001, 25, '간식 - 소시지/습식간식', 100);

INSERT INTO GOODSDB (GOODS_NAME, GOODS_PRICE, GOODSID, CATEGORY_CATEGORYID, GOODS_INFO, GOODS_STOCK) 
VALUES ('참좋은간식 하얀소세지 소고기 20개입', 2650, 25002, 25, '간식 - 소시지/습식간식', 100);

INSERT INTO GOODSDB (GOODS_NAME, GOODS_PRICE, GOODSID, CATEGORY_CATEGORYID, GOODS_INFO, GOODS_STOCK) 
VALUES ('메타멍스 장 건강 5개입', 1750, 25003, 25, '간식 - 소시지/습식간식', 100);

INSERT INTO GOODSDB (GOODS_NAME, GOODS_PRICE, GOODSID, CATEGORY_CATEGORYID, GOODS_INFO, GOODS_STOCK) 
VALUES ('메타멍스 눈 건강 5개입', 1750, 25004, 25, '간식 - 소시지/습식간식', 100);

INSERT INTO GOODSDB (GOODS_NAME, GOODS_PRICE, GOODSID, CATEGORY_CATEGORYID, GOODS_INFO, GOODS_STOCK) 
VALUES ('메타멍스 체중 유지 5개입', 1750, 25005, 25, '간식 - 소시지/습식간식', 100);

INSERT INTO GOODSDB (GOODS_NAME, GOODS_PRICE, GOODSID, CATEGORY_CATEGORYID, GOODS_INFO, GOODS_STOCK) 
VALUES ('메타멍스 면역력 건강 5개입', 1750, 25006, 25, '간식 - 소시지/습식간식', 100);

INSERT INTO GOODSDB (GOODS_NAME, GOODS_PRICE, GOODSID, CATEGORY_CATEGORYID, GOODS_INFO, GOODS_STOCK) 
VALUES ('메타멍스 관절 건강 5개입', 1750, 25007, 25, '간식 - 소시지/습식간식', 100);

INSERT INTO GOODSDB (GOODS_NAME, GOODS_PRICE, GOODSID, CATEGORY_CATEGORYID, GOODS_INFO, GOODS_STOCK) 
VALUES ('참좋은간식 내 아이가 빠진 닭 20g', 420, 25008, 25, '간식 - 소시지/습식간식', 100);

INSERT INTO GOODSDB (GOODS_NAME, GOODS_PRICE, GOODSID, CATEGORY_CATEGORYID, GOODS_INFO, GOODS_STOCK) 
VALUES ('바우와우 체다 치즈볼 100g', 2900, 25009, 25, '간식 - 소시지/습식간식', 100);

INSERT INTO GOODSDB (GOODS_NAME, GOODS_PRICE, GOODSID, CATEGORY_CATEGORYID, GOODS_INFO, GOODS_STOCK) 
VALUES ('바우와우 치킨 치즈롤 120g', 2900, 25010, 25, '간식 - 소시지/습식간식', 100);

INSERT INTO GOODSDB (GOODS_NAME, GOODS_PRICE, GOODSID, CATEGORY_CATEGORYID, GOODS_INFO, GOODS_STOCK) 
VALUES ('바우와우 혼합간식 150g', 2900, 25011, 25, '간식 - 소시지/습식간식', 100);

INSERT INTO GOODSDB (GOODS_NAME, GOODS_PRICE, GOODSID, CATEGORY_CATEGORYID, GOODS_INFO, GOODS_STOCK) 
VALUES ('바우와우 임실 모짜렐라 치즈 스틱 70g', 3850, 25012, 25, '간식 - 소시지/습식간식', 100);

INSERT INTO GOODSDB (GOODS_NAME, GOODS_PRICE, GOODSID, CATEGORY_CATEGORYID, GOODS_INFO, GOODS_STOCK) 
VALUES ('바우와우 당근 치즈볼 100g', 2900, 25013, 25, '간식 - 소시지/습식간식', 100);

INSERT INTO GOODSDB (GOODS_NAME, GOODS_PRICE, GOODSID, CATEGORY_CATEGORYID, GOODS_INFO, GOODS_STOCK) 
VALUES ('바우와우 연어 치즈롤 120g', 2900, 25014, 25, '간식 - 소시지/습식간식', 100);

INSERT INTO GOODSDB (GOODS_NAME, GOODS_PRICE, GOODSID, CATEGORY_CATEGORYID, GOODS_INFO, GOODS_STOCK) 
VALUES ('참좋은간식 삼계죽 80g', 1050, 25015, 25, '간식 - 소시지/습식간식', 100);

INSERT INTO GOODSDB (GOODS_NAME, GOODS_PRICE, GOODSID, CATEGORY_CATEGORYID, GOODS_INFO, GOODS_STOCK) 
VALUES ('참좋은간식 삼계 북어죽 80g', 1050, 25016, 25, '간식 - 소시지/습식간식', 100);

INSERT INTO GOODSDB (GOODS_NAME, GOODS_PRICE, GOODSID, CATEGORY_CATEGORYID, GOODS_INFO, GOODS_STOCK) 
VALUES ('순우리 혼합간식 100g', 1700, 25017, 25, '간식 - 소시지/습식간식', 100);

INSERT INTO GOODSDB (GOODS_NAME, GOODS_PRICE, GOODSID, CATEGORY_CATEGORYID, GOODS_INFO, GOODS_STOCK) 
VALUES ('펫루트 우리아이 건강 촉촉한 닭안심 20개입', 19300, 25018, 25, '간식 - 소시지/습식간식', 100);

INSERT INTO GOODSDB (GOODS_NAME, GOODS_PRICE, GOODSID, CATEGORY_CATEGORYID, GOODS_INFO, GOODS_STOCK) 
VALUES ('퍼피아이 시니어 소프트 황태 소프트 너겟 80g', 2850, 25019, 25, '간식 - 소시지/습식간식', 100);

INSERT INTO GOODSDB (GOODS_NAME, GOODS_PRICE, GOODSID, CATEGORY_CATEGORYID, GOODS_INFO, GOODS_STOCK) 
VALUES ('퍼피아이 시니어 소프트 눈 영양롤 100g', 2850, 25020, 25, '간식 - 소시지/습식간식', 100);

INSERT INTO GOODSDB (GOODS_NAME, GOODS_PRICE, GOODSID, CATEGORY_CATEGORYID, GOODS_INFO, GOODS_STOCK) 
VALUES ('퍼피아이 시니어 소프트 관절 영양롤 100g', 2850, 25021, 25, '간식 - 소시지/습식간식', 100);

INSERT INTO GOODSDB (GOODS_NAME, GOODS_PRICE, GOODSID, CATEGORY_CATEGORYID, GOODS_INFO, GOODS_STOCK) 
VALUES ('퍼피아이 시니어 소프트 고구마 스틱 100g', 2850, 25022, 25, '간식 - 소시지/습식간식', 100);

INSERT INTO GOODSDB (GOODS_NAME, GOODS_PRICE, GOODSID, CATEGORY_CATEGORYID, GOODS_INFO, GOODS_STOCK) 
VALUES ('참좋은간식 길개먹개 연어 2개입', 1700, 25023, 25, '간식 - 소시지/습식간식', 100);

INSERT INTO GOODSDB (GOODS_NAME, GOODS_PRICE, GOODSID, CATEGORY_CATEGORYID, GOODS_INFO, GOODS_STOCK) 
VALUES ('참좋은간식 길개먹개 소고기 2개입', 1700, 25024, 25, '간식 - 소시지/습식간식', 100);

INSERT INTO GOODSDB (GOODS_NAME, GOODS_PRICE, GOODSID, CATEGORY_CATEGORYID, GOODS_INFO, GOODS_STOCK) 
VALUES ('참좋은간식 길개먹개 오리고기 2개입', 1700, 25025, 25, '간식 - 소시지/습식간식', 100);

INSERT INTO GOODSDB (GOODS_NAME, GOODS_PRICE, GOODSID, CATEGORY_CATEGORYID, GOODS_INFO, GOODS_STOCK) 
VALUES ('참좋은간식 길개먹개 닭고기 2개입', 1700, 25026, 25, '간식 - 소시지/습식간식', 100);

INSERT INTO GOODSDB (GOODS_NAME, GOODS_PRICE, GOODSID, CATEGORY_CATEGORYID, GOODS_INFO, GOODS_STOCK) 
VALUES ('코코데이 닭가슴살 가쓰오부시 20g', 420, 25027, 25, '간식 - 소시지/습식간식', 100);

INSERT INTO GOODSDB (GOODS_NAME, GOODS_PRICE, GOODSID, CATEGORY_CATEGORYID, GOODS_INFO, GOODS_STOCK) 
VALUES ('코코데이 닭가슴살 순살 20g', 420, 25028, 25, '간식 - 소시지/습식간식', 100);

INSERT INTO GOODSDB (GOODS_NAME, GOODS_PRICE, GOODSID, CATEGORY_CATEGORYID, GOODS_INFO, GOODS_STOCK) 
VALUES ('코코데이 닭가슴살 게살 20g', 420, 25029, 25, '간식 - 소시지/습식간식', 100);

INSERT INTO GOODSDB (GOODS_NAME, GOODS_PRICE, GOODSID, CATEGORY_CATEGORYID, GOODS_INFO, GOODS_STOCK) 
VALUES ('참좋은간식 하얀소세지 연어 20개입', 2650, 25030, 25, '간식 - 소시지/습식간식', 100);

INSERT INTO GOODSDB (GOODS_NAME, GOODS_PRICE, GOODSID, CATEGORY_CATEGORYID, GOODS_INFO, GOODS_STOCK) 
VALUES ('참좋은간식 하얀소세지 치킨치즈 20개입', 2650, 25031, 25, '간식 - 소시지/습식간식', 100);

INSERT INTO GOODSDB (GOODS_NAME, GOODS_PRICE, GOODSID, CATEGORY_CATEGORYID, GOODS_INFO, GOODS_STOCK) 
VALUES ('수제 닭꼬치 90g', 3100, 25032, 25, '간식 - 소시지/습식간식', 100);

INSERT INTO GOODSDB (GOODS_NAME, GOODS_PRICE, GOODSID, CATEGORY_CATEGORYID, GOODS_INFO, GOODS_STOCK) 
VALUES ('수제 양꼬치 90g', 3100, 25033, 25, '간식 - 소시지/습식간식', 100);

INSERT INTO GOODSDB (GOODS_NAME, GOODS_PRICE, GOODSID, CATEGORY_CATEGORYID, GOODS_INFO, GOODS_STOCK) 
VALUES ('수제 연어꼬치 90g', 3100, 25034, 25, '간식 - 소시지/습식간식', 100);

INSERT INTO GOODSDB (GOODS_NAME, GOODS_PRICE, GOODSID, CATEGORY_CATEGORYID, GOODS_INFO, GOODS_STOCK) 
VALUES ('수제 오리꼬치 90g', 3100, 25035, 25, '간식 - 소시지/습식간식', 100);

INSERT INTO GOODSDB (GOODS_NAME, GOODS_PRICE, GOODSID, CATEGORY_CATEGORYID, GOODS_INFO, GOODS_STOCK) 
VALUES ('수제 소고기 꼬치 90g', 3100, 25036, 25, '간식 - 소시지/습식간식', 100);

INSERT INTO GOODSDB (GOODS_NAME, GOODS_PRICE, GOODSID, CATEGORY_CATEGORYID, GOODS_INFO, GOODS_STOCK) 
VALUES ('설레개 치킨 20개입', 7000, 25037, 25, '간식 - 소시지/습식간식', 100);

INSERT INTO GOODSDB (GOODS_NAME, GOODS_PRICE, GOODSID, CATEGORY_CATEGORYID, GOODS_INFO, GOODS_STOCK) 
VALUES ('설레개 치킨 1개입', 2400, 25038, 25, '간식 - 소시지/습식간식', 100);

INSERT INTO GOODSDB (GOODS_NAME, GOODS_PRICE, GOODSID, CATEGORY_CATEGORYID, GOODS_INFO, GOODS_STOCK) 
VALUES ('설레개 소고기 20개입', 7000, 25039, 25, '간식 - 소시지/습식간식', 100);

INSERT INTO GOODSDB (GOODS_NAME, GOODS_PRICE, GOODSID, CATEGORY_CATEGORYID, GOODS_INFO, GOODS_STOCK) 
VALUES ('설레개 소고기 1개입', 2400, 25040, 25, '간식 - 소시지/습식간식', 100);

INSERT INTO GOODSDB (GOODS_NAME, GOODS_PRICE, GOODSID, CATEGORY_CATEGORYID, GOODS_INFO, GOODS_STOCK) 
VALUES ('설레개 양고기 20개입', 7000, 25041, 25, '간식 - 소시지/습식간식', 100);

INSERT INTO GOODSDB (GOODS_NAME, GOODS_PRICE, GOODSID, CATEGORY_CATEGORYID, GOODS_INFO, GOODS_STOCK) 
VALUES ('설레개 양고기 1개입', 2400, 25042, 25, '간식 - 소시지/습식간식', 100);

INSERT INTO GOODSDB (GOODS_NAME, GOODS_PRICE, GOODSID, CATEGORY_CATEGORYID, GOODS_INFO, GOODS_STOCK) 
VALUES ('레개 연어 20개입', 7000, 25043, 25, '간식 - 소시지/습식간식', 100);

INSERT INTO GOODSDB (GOODS_NAME, GOODS_PRICE, GOODSID, CATEGORY_CATEGORYID, GOODS_INFO, GOODS_STOCK) 
VALUES ('설레개 연어 1개입', 2400, 25044, 25, '간식 - 소시지/습식간식', 100);

INSERT INTO GOODSDB (GOODS_NAME, GOODS_PRICE, GOODSID, CATEGORY_CATEGORYID, GOODS_INFO, GOODS_STOCK) 
VALUES ('버박 파이오덤 샴푸 200ml', 25750, 31001, 31, '목욕용품 - 타올/기타', 100);

INSERT INTO GOODSDB (GOODS_NAME, GOODS_PRICE, GOODSID, CATEGORY_CATEGORYID, GOODS_INFO, GOODS_STOCK) 
VALUES ('버박 세볼리틱 샴푸 200ml', 25750, 31002, 31, '목욕용품 - 타올/기타', 100);

INSERT INTO GOODSDB (GOODS_NAME, GOODS_PRICE, GOODSID, CATEGORY_CATEGORYID, GOODS_INFO, GOODS_STOCK) 
VALUES ('버박 앨러밀 샴푸 200ml', 25750, 31003, 31, '목욕용품 - 타올/기타', 100);

INSERT INTO GOODSDB (GOODS_NAME, GOODS_PRICE, GOODSID, CATEGORY_CATEGORYID, GOODS_INFO, GOODS_STOCK) 
VALUES ('쏘아베 비듬 피부질환 샴푸 500ml', 5050, 31004, 31, '목욕용품 - 타올/기타', 100);

INSERT INTO GOODSDB (GOODS_NAME, GOODS_PRICE, GOODSID, CATEGORY_CATEGORYID, GOODS_INFO, GOODS_STOCK) 
VALUES ('쏘아베 메디케어 이치캄 샴푸 400ml', 5150, 31005, 31, '목욕용품 - 타올/기타', 100);

INSERT INTO GOODSDB (GOODS_NAME, GOODS_PRICE, GOODSID, CATEGORY_CATEGORYID, GOODS_INFO, GOODS_STOCK) 
VALUES ('체리쉬 약용샴푸 (이벼룩방지) 500ml', 4900, 31006, 31, '목욕용품 - 타올/기타', 100);

INSERT INTO GOODSDB (GOODS_NAME, GOODS_PRICE, GOODSID, CATEGORY_CATEGORYID, GOODS_INFO, GOODS_STOCK) 
VALUES ('체리쉬 약용샴푸 4L', 32200, 31007, 31, '목욕용품 - 타올/기타', 100);

INSERT INTO GOODSDB (GOODS_NAME, GOODS_PRICE, GOODSID, CATEGORY_CATEGORYID, GOODS_INFO, GOODS_STOCK) 
VALUES ('에티펫 버블 목욕 시트 15매 (30x20cm)', 4150, 31008, 31, '목욕용품 - 타올/기타', 100);

INSERT INTO GOODSDB (GOODS_NAME, GOODS_PRICE, GOODSID, CATEGORY_CATEGORYID, GOODS_INFO, GOODS_STOCK) 
VALUES ('에티펫 버블 목욕 시트 10매 (20x20cm)', 2250, 31009, 31, '목욕용품 - 타올/기타', 100);

INSERT INTO GOODSDB (GOODS_NAME, GOODS_PRICE, GOODSID, CATEGORY_CATEGORYID, GOODS_INFO, GOODS_STOCK) 
VALUES ('네츄럴 테라피 아로마 탄산 솔트 클린샷 입욕제 레몬 , 티트리 12개입', 38500, 31010, 31, '목욕용품 - 타올/기타', 100);

INSERT INTO GOODSDB (GOODS_NAME, GOODS_PRICE, GOODSID, CATEGORY_CATEGORYID, GOODS_INFO, GOODS_STOCK) 
VALUES ('네츄럴 테라피 아로마 탄산 솔트 클린샷 입욕제 로즈우드 12개입', 38500, 31011, 31, '목욕용품 - 타올/기타', 100);

INSERT INTO GOODSDB (GOODS_NAME, GOODS_PRICE, GOODSID, CATEGORY_CATEGORYID, GOODS_INFO, GOODS_STOCK) 
VALUES ('천국 거품 샤워 브러쉬 그린', 4900, 31012, 31, '목욕용품 - 타올/기타', 100);

INSERT INTO GOODSDB (GOODS_NAME, GOODS_PRICE, GOODSID, CATEGORY_CATEGORYID, GOODS_INFO, GOODS_STOCK) 
VALUES ('천국 거품 샤워 브러쉬 핑크', 4900, 31013, 31, '목욕용품 - 타올/기타', 100);

INSERT INTO GOODSDB (GOODS_NAME, GOODS_PRICE, GOODSID, CATEGORY_CATEGORYID, GOODS_INFO, GOODS_STOCK) 
VALUES ('천국 거품 샤워 브러쉬 블루', 4900, 31014, 31, '목욕용품 - 타올/기타', 100);

INSERT INTO GOODSDB (GOODS_NAME, GOODS_PRICE, GOODSID, CATEGORY_CATEGORYID, GOODS_INFO, GOODS_STOCK) 
VALUES ('뉴벨버드 블루베리 샴푸린스 백모용 750ml', 7400, 32001, 32, '목욕용품 - 샴푸린스 겸용', 100);

INSERT INTO GOODSDB (GOODS_NAME, GOODS_PRICE, GOODSID, CATEGORY_CATEGORYID, GOODS_INFO, GOODS_STOCK) 
VALUES ('뉴벨버드 스트로베리 샴푸린스 퍼피 750ml', 7400, 32002, 32, '목욕용품 - 샴푸린스 겸용', 100);

INSERT INTO GOODSDB (GOODS_NAME, GOODS_PRICE, GOODSID, CATEGORY_CATEGORYID, GOODS_INFO, GOODS_STOCK) 
VALUES ('뉴벨버드 오트밀 샴푸 린스 750ml', 7400, 32003, 32, '목욕용품 - 샴푸린스 겸용', 100);

INSERT INTO GOODSDB (GOODS_NAME, GOODS_PRICE, GOODSID, CATEGORY_CATEGORYID, GOODS_INFO, GOODS_STOCK) 
VALUES ('미라클 순 샴푸 , 린스 퍼피 750ml', 7700, 32004, 32, '목욕용품 - 샴푸린스 겸용', 100);

INSERT INTO GOODSDB (GOODS_NAME, GOODS_PRICE, GOODSID, CATEGORY_CATEGORYID, GOODS_INFO, GOODS_STOCK) 
VALUES ('미라클 순 샴푸 , 린스 백모용 750ml', 7700, 32005, 32, '목욕용품 - 샴푸린스 겸용', 100);

INSERT INTO GOODSDB (GOODS_NAME, GOODS_PRICE, GOODSID, CATEGORY_CATEGORYID, GOODS_INFO, GOODS_STOCK) 
VALUES ('체리쉬 샴푸 전견용 500ml', 4400, 33001, 33, '목욕용품 - 샴푸', 100);

INSERT INTO GOODSDB (GOODS_NAME, GOODS_PRICE, GOODSID, CATEGORY_CATEGORYID, GOODS_INFO, GOODS_STOCK) 
VALUES ('체리쉬 샴푸 , 린스 전견용 500ml', 4100, 33002, 33, '목욕용품 - 샴푸', 100);

INSERT INTO GOODSDB (GOODS_NAME, GOODS_PRICE, GOODSID, CATEGORY_CATEGORYID, GOODS_INFO, GOODS_STOCK) 
VALUES ('체리쉬 샴푸 , 린스 백모용 4L', 25200, 33003, 33, '목욕용품 - 샴푸', 100);

INSERT INTO GOODSDB (GOODS_NAME, GOODS_PRICE, GOODSID, CATEGORY_CATEGORYID, GOODS_INFO, GOODS_STOCK) 
VALUES ('미라클 강아지 벼룩 진드기 예방 샴푸 520ml', 6800, 33004, 33, '목욕용품 - 샴푸', 100);

INSERT INTO GOODSDB (GOODS_NAME, GOODS_PRICE, GOODSID, CATEGORY_CATEGORYID, GOODS_INFO, GOODS_STOCK) 
VALUES ('체리쉬 비듬 방지 샴푸 (비듬,피부 질환 방지) 500ml', 4900, 33005, 33, '목욕용품 - 샴푸', 100);

INSERT INTO GOODSDB (GOODS_NAME, GOODS_PRICE, GOODSID, CATEGORY_CATEGORYID, GOODS_INFO, GOODS_STOCK) 
VALUES ('팔팔스틱 눈 30개입', 17700, 41001, 41, '종합영양제', 100);

INSERT INTO GOODSDB (GOODS_NAME, GOODS_PRICE, GOODSID, CATEGORY_CATEGORYID, GOODS_INFO, GOODS_STOCK) 
VALUES ('팔팔스틱 멀티 30개입', 17700, 41002, 41, '종합영양제', 100);

INSERT INTO GOODSDB (GOODS_NAME, GOODS_PRICE, GOODSID, CATEGORY_CATEGORYID, GOODS_INFO, GOODS_STOCK) 
VALUES ('버박 뉴트리 플러스겔 종합영양제 120.5g', 20500, 41003, 41, '종합영양제', 100);

INSERT INTO GOODSDB (GOODS_NAME, GOODS_PRICE, GOODSID, CATEGORY_CATEGORYID, GOODS_INFO, GOODS_STOCK) 
VALUES ('뉴트리플러스젠 키토산 영양제 120g', 8100, 41004, 41, '종합영양제', 100);

INSERT INTO GOODSDB (GOODS_NAME, GOODS_PRICE, GOODSID, CATEGORY_CATEGORYID, GOODS_INFO, GOODS_STOCK) 
VALUES ('펫슐랭 컨텍트 아이즈 180g', 10000, 41005, 41, '종합영양제', 100);

INSERT INTO GOODSDB (GOODS_NAME, GOODS_PRICE, GOODSID, CATEGORY_CATEGORYID, GOODS_INFO, GOODS_STOCK) 
VALUES ('데이스포 에이치 시리즈 종합영양제 250g', 12300, 41006, 41, '종합영양제', 100);

INSERT INTO GOODSDB (GOODS_NAME, GOODS_PRICE, GOODSID, CATEGORY_CATEGORYID, GOODS_INFO, GOODS_STOCK) 
VALUES ('뉴트리플러스젠 오메가3 120g', 8100, 41007, 41, '종합영양제', 100);

INSERT INTO GOODSDB (GOODS_NAME, GOODS_PRICE, GOODSID, CATEGORY_CATEGORYID, GOODS_INFO, GOODS_STOCK) 
VALUES ('뉴트리플러스젠 병후회복 체력증진 홍삼 120g', 8100, 41008, 41, '종합영양제', 100);

INSERT INTO GOODSDB (GOODS_NAME, GOODS_PRICE, GOODSID, CATEGORY_CATEGORYID, GOODS_INFO, GOODS_STOCK) 
VALUES ('뉴트리플러스젠 종합영양제 성견용 비타민파워 120g', 8100, 41009, 41, '종합영양제', 100);

INSERT INTO GOODSDB (GOODS_NAME, GOODS_PRICE, GOODSID, CATEGORY_CATEGORYID, GOODS_INFO, GOODS_STOCK) 
VALUES ('뉴트리플러스젠 종합영양제 퍼피 베이직 120g', 8100, 41010, 41, '종합영양제', 100);

INSERT INTO GOODSDB (GOODS_NAME, GOODS_PRICE, GOODSID, CATEGORY_CATEGORYID, GOODS_INFO, GOODS_STOCK) 
VALUES ('프로이젠 종합 비타민 영양제 30개입', 7550, 41011, 41, '종합영양제', 100);

INSERT INTO GOODSDB (GOODS_NAME, GOODS_PRICE, GOODSID, CATEGORY_CATEGORYID, GOODS_INFO, GOODS_STOCK) 
VALUES ('탐사 실속형 배변패드, 100매, 6개', 32290, 51001, 51, '위생배변패드 - 배변판/패드', 100);

INSERT INTO GOODSDB (GOODS_NAME, GOODS_PRICE, GOODSID, CATEGORY_CATEGORYID, GOODS_INFO, GOODS_STOCK) 
VALUES ('펫블랑 기저귀 남아용 대형 12매', 6000, 52001, 52, '위생배변패드 - 기저귀/팬티', 100);

INSERT INTO GOODSDB (GOODS_NAME, GOODS_PRICE, GOODSID, CATEGORY_CATEGORYID, GOODS_INFO, GOODS_STOCK) 
VALUES ('펫블랑 기저귀 남아용 중형 12매', 5300, 52002, 52, '위생배변패드 - 기저귀/팬티', 100);

INSERT INTO GOODSDB (GOODS_NAME, GOODS_PRICE, GOODSID, CATEGORY_CATEGORYID, GOODS_INFO, GOODS_STOCK) 
VALUES ('펫블랑 기저귀 남아용 소형 12매', 4500, 52003, 52, '위생배변패드 - 기저귀/팬티', 100);

INSERT INTO GOODSDB (GOODS_NAME, GOODS_PRICE, GOODSID, CATEGORY_CATEGORYID, GOODS_INFO, GOODS_STOCK) 
VALUES ('펫블랑 기저귀 여아용 대형 12매', 6000, 52004, 52, '위생배변패드 - 기저귀/팬티', 100);

INSERT INTO GOODSDB (GOODS_NAME, GOODS_PRICE, GOODSID, CATEGORY_CATEGORYID, GOODS_INFO, GOODS_STOCK) 
VALUES ('펫블랑 기저귀 여아용 중형 12매', 5350, 52005, 52, '위생배변패드 - 기저귀/팬티', 100);

INSERT INTO GOODSDB (GOODS_NAME, GOODS_PRICE, GOODSID, CATEGORY_CATEGORYID, GOODS_INFO, GOODS_STOCK) 
VALUES ('펫블랑 기저귀 여아용 소형 12매', 4900, 52006, 52, '위생배변패드 - 기저귀/팬티', 100);

INSERT INTO GOODSDB (GOODS_NAME, GOODS_PRICE, GOODSID, CATEGORY_CATEGORYID, GOODS_INFO, GOODS_STOCK) 
VALUES ('요요쉬 애견 기저귀 여아용 5단계 10매', 4900, 52007, 52, '위생배변패드 - 기저귀/팬티', 100);

INSERT INTO GOODSDB (GOODS_NAME, GOODS_PRICE, GOODSID, CATEGORY_CATEGORYID, GOODS_INFO, GOODS_STOCK) 
VALUES ('요요쉬 애견 기저귀 여아용 2단계 10매', 4900, 52008, 52, '위생배변패드 - 기저귀/팬티', 100);

INSERT INTO GOODSDB (GOODS_NAME, GOODS_PRICE, GOODSID, CATEGORY_CATEGORYID, GOODS_INFO, GOODS_STOCK) 
VALUES ('요요쉬 애견 기저귀 남여공용 1단계 10매', 4900, 52009, 52, '위생배변패드 - 기저귀/팬티', 100);

INSERT INTO GOODSDB (GOODS_NAME, GOODS_PRICE, GOODSID, CATEGORY_CATEGORYID, GOODS_INFO, GOODS_STOCK) 
VALUES ('요요쉬 애견 기저귀 남아용 3단계 10매', 7300, 52010, 52, '위생배변패드 - 기저귀/팬티', 100);

INSERT INTO GOODSDB (GOODS_NAME, GOODS_PRICE, GOODSID, CATEGORY_CATEGORYID, GOODS_INFO, GOODS_STOCK) 
VALUES ('요요쉬 애견 기저귀 남아용 2단계 10매', 7300, 52011, 52, '위생배변패드 - 기저귀/팬티', 100);

INSERT INTO GOODSDB (GOODS_NAME, GOODS_PRICE, GOODSID, CATEGORY_CATEGORYID, GOODS_INFO, GOODS_STOCK) 
VALUES ('요요쉬 애견 기저귀 남아용 1단계 10매', 7300, 52012, 52, '위생배변패드 - 기저귀/팬티', 100);

INSERT INTO GOODSDB (GOODS_NAME, GOODS_PRICE, GOODSID, CATEGORY_CATEGORYID, GOODS_INFO, GOODS_STOCK) 
VALUES ('요요쉬 애견 기저귀 여아용 4단계 10매', 4900, 52013, 52, '위생배변패드 - 기저귀/팬티', 100);

INSERT INTO GOODSDB (GOODS_NAME, GOODS_PRICE, GOODSID, CATEGORY_CATEGORYID, GOODS_INFO, GOODS_STOCK) 
VALUES ('요요쉬 애견 기저귀 여아용 3단계 10매', 4900, 52014, 52, '위생배변패드 - 기저귀/팬티', 100);

INSERT INTO GOODSDB (GOODS_NAME, GOODS_PRICE, GOODSID, CATEGORY_CATEGORYID, GOODS_INFO, GOODS_STOCK) 
VALUES ('아몬스 애견기저귀 초소형견용 10매', 5250, 52015, 52, '위생배변패드 - 기저귀/팬티', 100);

INSERT INTO GOODSDB (GOODS_NAME, GOODS_PRICE, GOODSID, CATEGORY_CATEGORYID, GOODS_INFO, GOODS_STOCK) 
VALUES ('아몬스 애견기저귀 중형견용 10매', 5250, 52016, 52, '위생배변패드 - 기저귀/팬티', 100);

INSERT INTO GOODSDB (GOODS_NAME, GOODS_PRICE, GOODSID, CATEGORY_CATEGORYID, GOODS_INFO, GOODS_STOCK) 
VALUES ('아몬스 수컷용 애견기저귀 초소형견 10매', 4900, 52017, 52, '위생배변패드 - 기저귀/팬티', 100);

INSERT INTO GOODSDB (GOODS_NAME, GOODS_PRICE, GOODSID, CATEGORY_CATEGORYID, GOODS_INFO, GOODS_STOCK) 
VALUES ('아몬스 수컷용 애견기저귀 소형견 10매', 4900, 52018, 52, '위생배변패드 - 기저귀/팬티', 100);

INSERT INTO GOODSDB (GOODS_NAME, GOODS_PRICE, GOODSID, CATEGORY_CATEGORYID, GOODS_INFO, GOODS_STOCK) 
VALUES ('아몬스 수컷용 애견기저귀 중형견 10매', 4900, 52019, 52, '위생배변패드 - 기저귀/팬티', 100);

INSERT INTO GOODSDB (GOODS_NAME, GOODS_PRICE, GOODSID, CATEGORY_CATEGORYID, GOODS_INFO, GOODS_STOCK) 
VALUES ('브리더 발바닥 스텐식기', 1750, 61001, 61, '급식기/급수기', 100);

INSERT INTO GOODSDB (GOODS_NAME, GOODS_PRICE, GOODSID, CATEGORY_CATEGORYID, GOODS_INFO, GOODS_STOCK) 
VALUES ('굿프랜드 스텐식기', 1750, 61002, 61, '급식기/급수기', 100);

INSERT INTO GOODSDB (GOODS_NAME, GOODS_PRICE, GOODSID, CATEGORY_CATEGORYID, GOODS_INFO, GOODS_STOCK) 
VALUES ('굿프랜드 철장 걸이식기 20oz', 3700, 61003, 61, '급식기/급수기', 100);

INSERT INTO GOODSDB (GOODS_NAME, GOODS_PRICE, GOODSID, CATEGORY_CATEGORYID, GOODS_INFO, GOODS_STOCK) 
VALUES ('굿프랜드 철장 걸이식기 30oz', 4400, 61004, 61, '급식기/급수기', 100);

INSERT INTO GOODSDB (GOODS_NAME, GOODS_PRICE, GOODSID, CATEGORY_CATEGORYID, GOODS_INFO, GOODS_STOCK) 
VALUES ('수퍼펫 대나무 목 사각식탁 M', 25200, 61005, 61, '급식기/급수기', 100);

INSERT INTO GOODSDB (GOODS_NAME, GOODS_PRICE, GOODSID, CATEGORY_CATEGORYID, GOODS_INFO, GOODS_STOCK) 
VALUES ('수퍼펫 레인보우 식탁 화이트 M', 21000, 61006, 61, '급식기/급수기', 100);

INSERT INTO GOODSDB (GOODS_NAME, GOODS_PRICE, GOODSID, CATEGORY_CATEGORYID, GOODS_INFO, GOODS_STOCK) 
VALUES ('수퍼펫 스테인리스 심플보울 L', 12600, 61007, 61, '급식기/급수기', 100);

INSERT INTO GOODSDB (GOODS_NAME, GOODS_PRICE, GOODSID, CATEGORY_CATEGORYID, GOODS_INFO, GOODS_STOCK) 
VALUES ('수퍼펫 스테인리스 심플보울 M', 9800, 61008, 61, '급식기/급수기', 100);

INSERT INTO GOODSDB (GOODS_NAME, GOODS_PRICE, GOODSID, CATEGORY_CATEGORYID, GOODS_INFO, GOODS_STOCK) 
VALUES ('수퍼펫 스테인리스 디쉬보울 L', 6150, 61009, 61, '급식기/급수기', 100);

INSERT INTO GOODSDB (GOODS_NAME, GOODS_PRICE, GOODSID, CATEGORY_CATEGORYID, GOODS_INFO, GOODS_STOCK) 
VALUES ('오션 엠보싱 스텐식기 64oz', 5600, 61010, 61, '급식기/급수기', 100);

INSERT INTO GOODSDB (GOODS_NAME, GOODS_PRICE, GOODSID, CATEGORY_CATEGORYID, GOODS_INFO, GOODS_STOCK) 
VALUES ('수퍼펫 스테인리스 심플보울 핑크 S', 7300, 61011, 61, '급식기/급수기', 100);

INSERT INTO GOODSDB (GOODS_NAME, GOODS_PRICE, GOODSID, CATEGORY_CATEGORYID, GOODS_INFO, GOODS_STOCK) 
VALUES ('수퍼펫 스테인리스 디쉬보울 핑크 S', 4900, 61012, 61, '급식기/급수기', 100);

INSERT INTO GOODSDB (GOODS_NAME, GOODS_PRICE, GOODSID, CATEGORY_CATEGORYID, GOODS_INFO, GOODS_STOCK) 
VALUES ('수퍼펫 올리브 식탁 화이트', 11200, 62001, 62, '쌍수기', 100);

INSERT INTO GOODSDB (GOODS_NAME, GOODS_PRICE, GOODSID, CATEGORY_CATEGORYID, GOODS_INFO, GOODS_STOCK) 
VALUES ('리플랜디시 정수 필터 3개입', 11350, 62002, 62, '쌍수기', 100);

INSERT INTO GOODSDB (GOODS_NAME, GOODS_PRICE, GOODSID, CATEGORY_CATEGORYID, GOODS_INFO, GOODS_STOCK) 
VALUES ('포세린 본 식기 세트 소형 2구', 11200, 62003, 62, '쌍수기', 100);

INSERT INTO GOODSDB (GOODS_NAME, GOODS_PRICE, GOODSID, CATEGORY_CATEGORYID, GOODS_INFO, GOODS_STOCK) 
VALUES ('포세린 본 식기 세트 대형 2구', 13650, 62004, 62, '쌍수기', 100);

INSERT INTO GOODSDB (GOODS_NAME, GOODS_PRICE, GOODSID, CATEGORY_CATEGORYID, GOODS_INFO, GOODS_STOCK) 
VALUES ('우쭈쭈 뉴블링 스텐식기 그린', 6450, 62005, 62, '쌍수기', 100);

INSERT INTO GOODSDB (GOODS_NAME, GOODS_PRICE, GOODSID, CATEGORY_CATEGORYID, GOODS_INFO, GOODS_STOCK) 
VALUES ('우쭈쭈 뉴블링 스텐식기 핑크', 6450, 62006, 62, '쌍수기', 100);

INSERT INTO GOODSDB (GOODS_NAME, GOODS_PRICE, GOODSID, CATEGORY_CATEGORYID, GOODS_INFO, GOODS_STOCK) 
VALUES ('우쭈쭈 뉴블링 스텐식기 블루', 6450, 62007, 62, '쌍수기', 100);

INSERT INTO GOODSDB (GOODS_NAME, GOODS_PRICE, GOODSID, CATEGORY_CATEGORYID, GOODS_INFO, GOODS_STOCK) 
VALUES ('우쭈쭈 리본퀄팅식기 그레이', 1950, 62008, 62, '쌍수기', 100);

INSERT INTO GOODSDB (GOODS_NAME, GOODS_PRICE, GOODSID, CATEGORY_CATEGORYID, GOODS_INFO, GOODS_STOCK) 
VALUES ('우쭈쭈 리본퀄팅식기 민트', 1950, 62009, 62, '쌍수기', 100);

INSERT INTO GOODSDB (GOODS_NAME, GOODS_PRICE, GOODSID, CATEGORY_CATEGORYID, GOODS_INFO, GOODS_STOCK) 
VALUES ('우쭈쭈 리본퀄팅식기 핑크', 1950, 62010, 62, '쌍수기', 100);

INSERT INTO GOODSDB (GOODS_NAME, GOODS_PRICE, GOODSID, CATEGORY_CATEGORYID, GOODS_INFO, GOODS_STOCK) 
VALUES ('굿프랜드 스텐 쌍식기 8oz', 4400, 62011, 62, '쌍수기', 100);

INSERT INTO GOODSDB (GOODS_NAME, GOODS_PRICE, GOODSID, CATEGORY_CATEGORYID, GOODS_INFO, GOODS_STOCK) 
VALUES ('브리더 스텐트윈식기 13cm', 12600, 62012, 62, '쌍수기', 100);

INSERT INTO GOODSDB (GOODS_NAME, GOODS_PRICE, GOODSID, CATEGORY_CATEGORYID, GOODS_INFO, GOODS_STOCK) 
VALUES ('수퍼펫 대나무 목 경사식탁', 19200, 62013, 62, '쌍수기', 100);

INSERT INTO GOODSDB (GOODS_NAME, GOODS_PRICE, GOODSID, CATEGORY_CATEGORYID, GOODS_INFO, GOODS_STOCK) 
VALUES ('수퍼펫 올리브 식탁 핑크', 11200, 62014, 62, '쌍수기', 100);

INSERT INTO GOODSDB (GOODS_NAME, GOODS_PRICE, GOODSID, CATEGORY_CATEGORYID, GOODS_INFO, GOODS_STOCK) 
VALUES ('수퍼펫 올리브 식탁 블랙', 11200, 62015, 62, '쌍수기', 100);

INSERT INTO GOODSDB (GOODS_NAME, GOODS_PRICE, GOODSID, CATEGORY_CATEGORYID, GOODS_INFO, GOODS_STOCK) 
VALUES ('수퍼펫 실리콘 클린 더블보울 인디언레드', 9800, 62016, 62, '쌍수기', 100);

INSERT INTO GOODSDB (GOODS_NAME, GOODS_PRICE, GOODSID, CATEGORY_CATEGORYID, GOODS_INFO, GOODS_STOCK) 
VALUES ('수퍼펫 힐링 식탁 블랙', 16400, 62017, 62, '쌍수기', 100);

INSERT INTO GOODSDB (GOODS_NAME, GOODS_PRICE, GOODSID, CATEGORY_CATEGORYID, GOODS_INFO, GOODS_STOCK) 
VALUES ('요기쏘 반려동물 사료 보관함 2kg', 7000, 63001, 63, '사료 보관통', 100);

INSERT INTO GOODSDB (GOODS_NAME, GOODS_PRICE, GOODSID, CATEGORY_CATEGORYID, GOODS_INFO, GOODS_STOCK) 
VALUES ('로얄캐닌 캣 센서리 테이스트 파우치 85g', 1850, 71001, 71, '고양이 사료', 100);

INSERT INTO GOODSDB (GOODS_NAME, GOODS_PRICE, GOODSID, CATEGORY_CATEGORYID, GOODS_INFO, GOODS_STOCK) 
VALUES ('로얄캐닌 캣 키튼 스테럴라이즈 2kg', 34800, 71002, 71, '고양이 사료', 100);

INSERT INTO GOODSDB (GOODS_NAME, GOODS_PRICE, GOODSID, CATEGORY_CATEGORYID, GOODS_INFO, GOODS_STOCK) 
VALUES ('로얄캐닌 캣 페르시안 어덜트 2kg', 37500, 71003, 71, '고양이 사료', 100);

INSERT INTO GOODSDB (GOODS_NAME, GOODS_PRICE, GOODSID, CATEGORY_CATEGORYID, GOODS_INFO, GOODS_STOCK) 
VALUES ('로얄캐닌 캣 인도어 롱헤어 2kg', 34800, 71004, 71, '고양이 사료', 100);

INSERT INTO GOODSDB (GOODS_NAME, GOODS_PRICE, GOODSID, CATEGORY_CATEGORYID, GOODS_INFO, GOODS_STOCK) 
VALUES ('로얄캐닌 캣 센서리 스멜 파우치 85g', 1850, 71005, 71, '고양이 사료', 100);

INSERT INTO GOODSDB (GOODS_NAME, GOODS_PRICE, GOODSID, CATEGORY_CATEGORYID, GOODS_INFO, GOODS_STOCK) 
VALUES ('로얄캐닌 캣 센서리 필 파우치 85g', 1850, 71006, 71, '고양이 사료', 100);

INSERT INTO GOODSDB (GOODS_NAME, GOODS_PRICE, GOODSID, CATEGORY_CATEGORYID, GOODS_INFO, GOODS_STOCK) 
VALUES ('비아파 락톨 키티 500g', 35200, 71007, 71, '고양이 사료', 100);

INSERT INTO GOODSDB (GOODS_NAME, GOODS_PRICE, GOODSID, CATEGORY_CATEGORYID, GOODS_INFO, GOODS_STOCK) 
VALUES ('비아파 락톨 키티 250g', 17500, 71008, 71, '고양이 사료', 100);

INSERT INTO GOODSDB (GOODS_NAME, GOODS_PRICE, GOODSID, CATEGORY_CATEGORYID, GOODS_INFO, GOODS_STOCK) 
VALUES ('로얄캐닌 캣 덴탈케어 1.5kg', 29400, 71009, 71, '고양이 사료', 100);

INSERT INTO GOODSDB (GOODS_NAME, GOODS_PRICE, GOODSID, CATEGORY_CATEGORYID, GOODS_INFO, GOODS_STOCK) 
VALUES ('벤티 캣 그레인프리 피모 관절 5kg', 37000, 71010, 71, '고양이 사료', 100);

INSERT INTO GOODSDB (GOODS_NAME, GOODS_PRICE, GOODSID, CATEGORY_CATEGORYID, GOODS_INFO, GOODS_STOCK) 
VALUES ('벤티 캣 그레인프리 요로 염증 5kg', 37000, 71011, 71, '고양이 사료', 100);

INSERT INTO GOODSDB (GOODS_NAME, GOODS_PRICE, GOODSID, CATEGORY_CATEGORYID, GOODS_INFO, GOODS_STOCK) 
VALUES ('벤티 캣 그레인프리 피부 관절 1.5kg', 12200, 71012, 71, '고양이 사료', 100);

INSERT INTO GOODSDB (GOODS_NAME, GOODS_PRICE, GOODSID, CATEGORY_CATEGORYID, GOODS_INFO, GOODS_STOCK) 
VALUES ('벤티 캣 그레인프리 요로 염증 1.5kg', 12200, 71013, 71, '고양이 사료', 100);

INSERT INTO GOODSDB (GOODS_NAME, GOODS_PRICE, GOODSID, CATEGORY_CATEGORYID, GOODS_INFO, GOODS_STOCK) 
VALUES ('로얄캐닌 캣 라이트웨이트 케어 파우치 85g', 1800, 71014, 71, '고양이 사료', 100);

INSERT INTO GOODSDB (GOODS_NAME, GOODS_PRICE, GOODSID, CATEGORY_CATEGORYID, GOODS_INFO, GOODS_STOCK) 
VALUES ('로얄캐닌 캣 인텐스 뷰티 파우치 85g', 1800, 71015, 71, '고양이 사료', 100);

INSERT INTO GOODSDB (GOODS_NAME, GOODS_PRICE, GOODSID, CATEGORY_CATEGORYID, GOODS_INFO, GOODS_STOCK) 
VALUES ('로얄캐닌 캣 스테럴라이즈드 파우치 85g', 1800, 71016, 71, '고양이 사료', 100);

INSERT INTO GOODSDB (GOODS_NAME, GOODS_PRICE, GOODSID, CATEGORY_CATEGORYID, GOODS_INFO, GOODS_STOCK) 
VALUES ('로얄캐닌 캣 인스팅티브 7+ 파우치 85g', 1800, 71017, 71, '고양이 사료', 100);

INSERT INTO GOODSDB (GOODS_NAME, GOODS_PRICE, GOODSID, CATEGORY_CATEGORYID, GOODS_INFO, GOODS_STOCK) 
VALUES ('로얄캐닌 캣 헤어 , 스킨케어 2kg', 37800, 71018, 71, '고양이 사료', 100);

INSERT INTO GOODSDB (GOODS_NAME, GOODS_PRICE, GOODSID, CATEGORY_CATEGORYID, GOODS_INFO, GOODS_STOCK) 
VALUES ('캐츠랑 전연령 리브레 5kg', 19300, 71019, 71, '고양이 사료', 100);

INSERT INTO GOODSDB (GOODS_NAME, GOODS_PRICE, GOODSID, CATEGORY_CATEGORYID, GOODS_INFO, GOODS_STOCK) 
VALUES ('캐츠랑 전연령 리브레 2kg', 11200, 71020, 71, '고양이 사료', 100);

INSERT INTO GOODSDB (GOODS_NAME, GOODS_PRICE, GOODSID, CATEGORY_CATEGORYID, GOODS_INFO, GOODS_STOCK) 
VALUES ('CP 클래식 캣 어덜트 씨푸드 7kg', 31700, 71021, 71, '고양이 사료', 100);

INSERT INTO GOODSDB (GOODS_NAME, GOODS_PRICE, GOODSID, CATEGORY_CATEGORYID, GOODS_INFO, GOODS_STOCK) 
VALUES ('CP 클래식 캣 어덜트 참치 7kg', 31700, 71022, 71, '고양이 사료', 100);

INSERT INTO GOODSDB (GOODS_NAME, GOODS_PRICE, GOODSID, CATEGORY_CATEGORYID, GOODS_INFO, GOODS_STOCK) 
VALUES ('CP 클래식 캣 어덜트 닭고기 7kg', 31700, 71023, 71, '고양이 사료', 100);

INSERT INTO GOODSDB (GOODS_NAME, GOODS_PRICE, GOODSID, CATEGORY_CATEGORYID, GOODS_INFO, GOODS_STOCK) 
VALUES ('세라피드 그레인프리 체중관리 2kg', 15000, 71024, 71, '고양이 사료', 100);

INSERT INTO GOODSDB (GOODS_NAME, GOODS_PRICE, GOODSID, CATEGORY_CATEGORYID, GOODS_INFO, GOODS_STOCK) 
VALUES ('세라피드 그레인프리 요로건강 2kg', 15000, 71025, 71, '고양이 사료', 100);

INSERT INTO GOODSDB (GOODS_NAME, GOODS_PRICE, GOODSID, CATEGORY_CATEGORYID, GOODS_INFO, GOODS_STOCK) 
VALUES ('세라피드 그레인프리 헤어볼 컨트롤 2kg', 15000, 71026, 71, '고양이 사료', 100);

INSERT INTO GOODSDB (GOODS_NAME, GOODS_PRICE, GOODSID, CATEGORY_CATEGORYID, GOODS_INFO, GOODS_STOCK) 
VALUES ('캐츠랑 맘 , 베이비 4kg', 27000, 71027, 71, '고양이 사료', 100);

INSERT INTO GOODSDB (GOODS_NAME, GOODS_PRICE, GOODSID, CATEGORY_CATEGORYID, GOODS_INFO, GOODS_STOCK) 
VALUES ('캐츠랑 맘 , 베이비 2kg', 15200, 71028, 71, '고양이 사료', 100);

INSERT INTO GOODSDB (GOODS_NAME, GOODS_PRICE, GOODSID, CATEGORY_CATEGORYID, GOODS_INFO, GOODS_STOCK) 
VALUES ('캐츠랑 어덜트 8kg', 35500, 71029, 71, '고양이 사료', 100);

INSERT INTO GOODSDB (GOODS_NAME, GOODS_PRICE, GOODSID, CATEGORY_CATEGORYID, GOODS_INFO, GOODS_STOCK) 
VALUES ('캐츠랑 어덜트 4kg', 22800, 71030, 71, '고양이 사료', 100);

INSERT INTO GOODSDB (GOODS_NAME, GOODS_PRICE, GOODSID, CATEGORY_CATEGORYID, GOODS_INFO, GOODS_STOCK) 
VALUES ('캐츠랑 어덜트 2kg', 11900, 71031, 71, '고양이 사료', 100);

INSERT INTO GOODSDB (GOODS_NAME, GOODS_PRICE, GOODSID, CATEGORY_CATEGORYID, GOODS_INFO, GOODS_STOCK) 
VALUES ('캐츠랑 키튼 8kg', 39000, 71032, 71, '고양이 사료', 100);

INSERT INTO GOODSDB (GOODS_NAME, GOODS_PRICE, GOODSID, CATEGORY_CATEGORYID, GOODS_INFO, GOODS_STOCK) 
VALUES ('캐츠랑 키튼 2kg', 14400, 71033, 71, '고양이 사료', 100);

INSERT INTO GOODSDB (GOODS_NAME, GOODS_PRICE, GOODSID, CATEGORY_CATEGORYID, GOODS_INFO, GOODS_STOCK) 
VALUES ('캐츠랑 전연령 7kg', 32000, 71034, 71, '고양이 사료', 100);

INSERT INTO GOODSDB (GOODS_NAME, GOODS_PRICE, GOODSID, CATEGORY_CATEGORYID, GOODS_INFO, GOODS_STOCK) 
VALUES ('캐츠랑 전연령 5kg', 19000, 71035, 71, '고양이 사료', 100);

INSERT INTO GOODSDB (GOODS_NAME, GOODS_PRICE, GOODSID, CATEGORY_CATEGORYID, GOODS_INFO, GOODS_STOCK) 
VALUES ('캐츠랑 전연령 2kg', 12300, 71036, 71, '고양이 사료', 100);

INSERT INTO GOODSDB (GOODS_NAME, GOODS_PRICE, GOODSID, CATEGORY_CATEGORYID, GOODS_INFO, GOODS_STOCK) 
VALUES ('위스카스 헤어볼 닭고기와 참치 3kg', 27700, 71037, 71, '고양이 사료', 100);

INSERT INTO GOODSDB (GOODS_NAME, GOODS_PRICE, GOODSID, CATEGORY_CATEGORYID, GOODS_INFO, GOODS_STOCK) 
VALUES ('로얄캐닌 캣 인도어 7+ 1.5kg', 29400, 71038, 71, '고양이 사료', 100);

INSERT INTO GOODSDB (GOODS_NAME, GOODS_PRICE, GOODSID, CATEGORY_CATEGORYID, GOODS_INFO, GOODS_STOCK) 
VALUES ('CP 클래식 캣 키튼 1.5kg', 9100, 71039, 71, '고양이 사료', 100);

INSERT INTO GOODSDB (GOODS_NAME, GOODS_PRICE, GOODSID, CATEGORY_CATEGORYID, GOODS_INFO, GOODS_STOCK) 
VALUES ('CP 클래식 캣 어덜트 닭고기 1.5kg', 8800, 71040, 71, '고양이 사료', 100);

INSERT INTO GOODSDB (GOODS_NAME, GOODS_PRICE, GOODSID, CATEGORY_CATEGORYID, GOODS_INFO, GOODS_STOCK) 
VALUES ('CP 클래식 캣 어덜트 참치 1.5kg', 8800, 71041, 71, '고양이 사료', 100);

INSERT INTO GOODSDB (GOODS_NAME, GOODS_PRICE, GOODSID, CATEGORY_CATEGORYID, GOODS_INFO, GOODS_STOCK) 
VALUES ('CP 클래식 캣 어덜트 씨푸드 1.5kg', 8800, 71042, 71, '고양이 사료', 100);

INSERT INTO GOODSDB (GOODS_NAME, GOODS_PRICE, GOODSID, CATEGORY_CATEGORYID, GOODS_INFO, GOODS_STOCK) 
VALUES ('CP 클래식 캣 어덜트 헤어볼 1.5kg', 8800, 71043, 71, '고양이 사료', 100);

INSERT INTO GOODSDB (GOODS_NAME, GOODS_PRICE, GOODSID, CATEGORY_CATEGORYID, GOODS_INFO, GOODS_STOCK) 
VALUES ('뉴트리나 비스트로캣 키튼 2kg', 11900, 71044, 71, '고양이 사료', 100);

INSERT INTO GOODSDB (GOODS_NAME, GOODS_PRICE, GOODSID, CATEGORY_CATEGORYID, GOODS_INFO, GOODS_STOCK) 
VALUES ('뉴트리나 비스트로캣 어덜트 2kg', 11900, 71045, 71, '고양이 사료', 100);

INSERT INTO GOODSDB (GOODS_NAME, GOODS_PRICE, GOODSID, CATEGORY_CATEGORYID, GOODS_INFO, GOODS_STOCK) 
VALUES ('로얄캐닌 피트32 2kg', 37000, 71046, 71, '고양이 사료', 100);

INSERT INTO GOODSDB (GOODS_NAME, GOODS_PRICE, GOODSID, CATEGORY_CATEGORYID, GOODS_INFO, GOODS_STOCK) 
VALUES ('비타크래프트 크리스피 크런치 몰트 60g', 2200, 81001, 81, '고양이 간식 - 스낵, 드롭스', 100);

INSERT INTO GOODSDB (GOODS_NAME, GOODS_PRICE, GOODSID, CATEGORY_CATEGORYID, GOODS_INFO, GOODS_STOCK) 
VALUES ('CP 클래식 캣트릿 참치 80g', 1700, 81002, 81, '고양이 간식 - 스낵, 드롭스', 100);

INSERT INTO GOODSDB (GOODS_NAME, GOODS_PRICE, GOODSID, CATEGORY_CATEGORYID, GOODS_INFO, GOODS_STOCK) 
VALUES ('프레셔스 크런치 참치 , 닭고기 8개입', 2950, 81003, 81, '고양이 간식 - 스낵, 드롭스', 100);

INSERT INTO GOODSDB (GOODS_NAME, GOODS_PRICE, GOODSID, CATEGORY_CATEGORYID, GOODS_INFO, GOODS_STOCK) 
VALUES ('냥이줄래 신묘한 참치맛 85g', 2900, 81004, 81, '고양이 간식 - 스낵, 드롭스', 100);

INSERT INTO GOODSDB (GOODS_NAME, GOODS_PRICE, GOODSID, CATEGORY_CATEGORYID, GOODS_INFO, GOODS_STOCK) 
VALUES ('프리미요 크런치 참치 50g', 2100, 81005, 81, '고양이 간식 - 스낵, 드롭스', 100);

INSERT INTO GOODSDB (GOODS_NAME, GOODS_PRICE, GOODSID, CATEGORY_CATEGORYID, GOODS_INFO, GOODS_STOCK) 
VALUES ('프레셔스 크런치 참치 , 연어 8개입', 2950, 81006, 81, '고양이 간식 - 스낵, 드롭스', 100);

INSERT INTO GOODSDB (GOODS_NAME, GOODS_PRICE, GOODSID, CATEGORY_CATEGORYID, GOODS_INFO, GOODS_STOCK) 
VALUES ('프레셔스 크런치 참치 8개입', 2950, 81007, 81, '고양이 간식 - 스낵, 드롭스', 100);

INSERT INTO GOODSDB (GOODS_NAME, GOODS_PRICE, GOODSID, CATEGORY_CATEGORYID, GOODS_INFO, GOODS_STOCK) 
VALUES ('프레셔스 고양이 크런치 참치 , 새우 8개입', 2950, 81008, 81, '고양이 간식 - 스낵, 드롭스', 100);

INSERT INTO GOODSDB (GOODS_NAME, GOODS_PRICE, GOODSID, CATEGORY_CATEGORYID, GOODS_INFO, GOODS_STOCK) 
VALUES ('냥이줄래 신묘한 치킨맛 85g', 2900, 81009, 81, '고양이 간식 - 스낵, 드롭스', 100);

INSERT INTO GOODSDB (GOODS_NAME, GOODS_PRICE, GOODSID, CATEGORY_CATEGORYID, GOODS_INFO, GOODS_STOCK) 
VALUES ('냥이줄래 신묘한 연어맛 85g', 2900, 81010, 81, '고양이 간식 - 스낵, 드롭스', 100);

INSERT INTO GOODSDB (GOODS_NAME, GOODS_PRICE, GOODSID, CATEGORY_CATEGORYID, GOODS_INFO, GOODS_STOCK) 
VALUES ('뽀로로펫 크런치캣 소고기 , 클로로필 50g', 2100, 81011, 81, '고양이 간식 - 스낵, 드롭스', 100);

INSERT INTO GOODSDB (GOODS_NAME, GOODS_PRICE, GOODSID, CATEGORY_CATEGORYID, GOODS_INFO, GOODS_STOCK) 
VALUES ('프리미요 크런치 참치 , 닭고기 50g', 2100, 81012, 81, '고양이 간식 - 스낵, 드롭스', 100);

INSERT INTO GOODSDB (GOODS_NAME, GOODS_PRICE, GOODSID, CATEGORY_CATEGORYID, GOODS_INFO, GOODS_STOCK) 
VALUES ('프리미요 크런치 참치 , 새우 50g', 2100, 81013, 81, '고양이 간식 - 스낵, 드롭스', 100);

INSERT INTO GOODSDB (GOODS_NAME, GOODS_PRICE, GOODSID, CATEGORY_CATEGORYID, GOODS_INFO, GOODS_STOCK) 
VALUES ('프리미요 크런치 참치 , 연어 50g', 2100, 81014, 81, '고양이 간식 - 스낵, 드롭스', 100);

INSERT INTO GOODSDB (GOODS_NAME, GOODS_PRICE, GOODSID, CATEGORY_CATEGORYID, GOODS_INFO, GOODS_STOCK) 
VALUES ('캣츠레시피 예스파이 닭고기와 참치맛 3개입', 2000, 81015, 81, '고양이 간식 - 스낵, 드롭스', 100);

INSERT INTO GOODSDB (GOODS_NAME, GOODS_PRICE, GOODSID, CATEGORY_CATEGORYID, GOODS_INFO, GOODS_STOCK) 
VALUES ('캣츠레시피 예스파이 닭고기와 연어맛 3개입', 2000, 81016, 81, '고양이 간식 - 스낵, 드롭스', 100);

INSERT INTO GOODSDB (GOODS_NAME, GOODS_PRICE, GOODSID, CATEGORY_CATEGORYID, GOODS_INFO, GOODS_STOCK) 
VALUES ('캣츠레시피 오케이 크런치 참치와 연어맛 60g', 1850, 81017, 81, '고양이 간식 - 스낵, 드롭스', 100);

INSERT INTO GOODSDB (GOODS_NAME, GOODS_PRICE, GOODSID, CATEGORY_CATEGORYID, GOODS_INFO, GOODS_STOCK) 
VALUES ('캣츠레시피 오케이 크런치 닭고기와 연어맛 60g', 1850, 81018, 81, '고양이 간식 - 스낵, 드롭스', 100);

INSERT INTO GOODSDB (GOODS_NAME, GOODS_PRICE, GOODSID, CATEGORY_CATEGORYID, GOODS_INFO, GOODS_STOCK) 
VALUES ('캣츠레시피 오케이 크런치 닭고기와 게살맛 60g', 1850, 81019, 81, '고양이 간식 - 스낵, 드롭스', 100);

INSERT INTO GOODSDB (GOODS_NAME, GOODS_PRICE, GOODSID, CATEGORY_CATEGORYID, GOODS_INFO, GOODS_STOCK) 
VALUES ('캣츠레시피 오케이 크런치 참치맛 60g', 1850, 81020, 81, '고양이 간식 - 스낵, 드롭스', 100);

INSERT INTO GOODSDB (GOODS_NAME, GOODS_PRICE, GOODSID, CATEGORY_CATEGORYID, GOODS_INFO, GOODS_STOCK) 
VALUES ('캣츠레시피 오케이 크런치 닭고기맛 60g', 1850, 81021, 81, '고양이 간식 - 스낵, 드롭스', 100);

INSERT INTO GOODSDB (GOODS_NAME, GOODS_PRICE, GOODSID, CATEGORY_CATEGORYID, GOODS_INFO, GOODS_STOCK) 
VALUES ('미오 스낵 새우 50g', 1600, 81022, 81, '고양이 간식 - 스낵, 드롭스', 100);

INSERT INTO GOODSDB (GOODS_NAME, GOODS_PRICE, GOODSID, CATEGORY_CATEGORYID, GOODS_INFO, GOODS_STOCK) 
VALUES ('캐츠랑 저요저요 닭고기 60g', 1550, 81023, 81, '고양이 간식 - 스낵, 드롭스', 100);

INSERT INTO GOODSDB (GOODS_NAME, GOODS_PRICE, GOODSID, CATEGORY_CATEGORYID, GOODS_INFO, GOODS_STOCK) 
VALUES ('캐츠랑 저요저요 연어 60g', 1550, 81024, 81, '고양이 간식 - 스낵, 드롭스', 100);

INSERT INTO GOODSDB (GOODS_NAME, GOODS_PRICE, GOODSID, CATEGORY_CATEGORYID, GOODS_INFO, GOODS_STOCK) 
VALUES ('캐츠랑 저요저요 참치 60g', 1550, 81025, 81, '고양이 간식 - 스낵, 드롭스', 100);

INSERT INTO GOODSDB (GOODS_NAME, GOODS_PRICE, GOODSID, CATEGORY_CATEGORYID, GOODS_INFO, GOODS_STOCK) 
VALUES ('캐츠랑 저요저요 양고기 60g', 1550, 81026, 81, '고양이 간식 - 스낵, 드롭스', 100);

INSERT INTO GOODSDB (GOODS_NAME, GOODS_PRICE, GOODSID, CATEGORY_CATEGORYID, GOODS_INFO, GOODS_STOCK) 
VALUES ('더캣츠 쿠키 꽁냥꽁냥 북어 , 연어 100g', 1850, 81027, 81, '고양이 간식 - 스낵, 드롭스', 100);

INSERT INTO GOODSDB (GOODS_NAME, GOODS_PRICE, GOODSID, CATEGORY_CATEGORYID, GOODS_INFO, GOODS_STOCK) 
VALUES ('뽀로로펫 맛있는 고양이 스낵 연어 , 새우 , 닭고기 40g', 840, 81028, 81, '고양이 간식 - 스낵, 드롭스', 100);

INSERT INTO GOODSDB (GOODS_NAME, GOODS_PRICE, GOODSID, CATEGORY_CATEGORYID, GOODS_INFO, GOODS_STOCK) 
VALUES ('뽀로로펫 맛있는 고양이 스낵 참치 , 페퍼민트 40g', 840, 81029, 81, '고양이 간식 - 스낵, 드롭스', 100);

INSERT INTO GOODSDB (GOODS_NAME, GOODS_PRICE, GOODSID, CATEGORY_CATEGORYID, GOODS_INFO, GOODS_STOCK) 
VALUES ('뽀로로펫 맛있는 고양이 스낵 참치 , 닭고기 40g', 840, 81030, 81, '고양이 간식 - 스낵, 드롭스', 100);

INSERT INTO GOODSDB (GOODS_NAME, GOODS_PRICE, GOODSID, CATEGORY_CATEGORYID, GOODS_INFO, GOODS_STOCK) 
VALUES ('비타크래프트 크리스피 크런치 덴탈 60g', 2200, 81031, 81, '고양이 간식 - 스낵, 드롭스', 100);

INSERT INTO GOODSDB (GOODS_NAME, GOODS_PRICE, GOODSID, CATEGORY_CATEGORYID, GOODS_INFO, GOODS_STOCK) 
VALUES ('비타크래프트 크리스피 크런치 연어 60g', 2200, 81032, 81, '고양이 간식 - 스낵, 드롭스', 100);

INSERT INTO GOODSDB (GOODS_NAME, GOODS_PRICE, GOODSID, CATEGORY_CATEGORYID, GOODS_INFO, GOODS_STOCK) 
VALUES ('비타크래프트 크리스피 크런치 폴트리 60g', 2200, 81033, 81, '고양이 간식 - 스낵, 드롭스', 100);

INSERT INTO GOODSDB (GOODS_NAME, GOODS_PRICE, GOODSID, CATEGORY_CATEGORYID, GOODS_INFO, GOODS_STOCK) 
VALUES ('비타크래프트 크리스피 크런치 오리 , 아로니아 60g', 2200, 81034, 81, '고양이 간식 - 스낵, 드롭스', 100);

INSERT INTO GOODSDB (GOODS_NAME, GOODS_PRICE, GOODSID, CATEGORY_CATEGORYID, GOODS_INFO, GOODS_STOCK) 
VALUES ('비타크래프트 크리스피 크런치 칠면조 치아씨드 60g', 2200, 81035, 81, '고양이 간식 - 스낵, 드롭스', 100);

INSERT INTO GOODSDB (GOODS_NAME, GOODS_PRICE, GOODSID, CATEGORY_CATEGORYID, GOODS_INFO, GOODS_STOCK) 
VALUES ('CP 클래식 캣트릿 연어 80g', 1700, 81036, 81, '고양이 간식 - 스낵, 드롭스', 100);

INSERT INTO GOODSDB (GOODS_NAME, GOODS_PRICE, GOODSID, CATEGORY_CATEGORYID, GOODS_INFO, GOODS_STOCK) 
VALUES ('더캣츠 냥바 가다랑어살 20g 50개입', 21500, 82001, 82, '고양이 간식 - 통살, 닭가슴살', 100);

INSERT INTO GOODSDB (GOODS_NAME, GOODS_PRICE, GOODSID, CATEGORY_CATEGORYID, GOODS_INFO, GOODS_STOCK) 
VALUES ('더캣츠 냥바 연어살 20g 15개입', 6900, 82002, 82, '고양이 간식 - 통살, 닭가슴살', 100);

INSERT INTO GOODSDB (GOODS_NAME, GOODS_PRICE, GOODSID, CATEGORY_CATEGORYID, GOODS_INFO, GOODS_STOCK) 
VALUES ('더캣츠 냥바 가다랑어살 20g 15개입', 6900, 82003, 82, '고양이 간식 - 통살, 닭가슴살', 100);

INSERT INTO GOODSDB (GOODS_NAME, GOODS_PRICE, GOODSID, CATEGORY_CATEGORYID, GOODS_INFO, GOODS_STOCK) 
VALUES ('더캣츠 냥바 미니 황태살 10g 30개입', 6900, 82004, 82, '고양이 간식 - 통살, 닭가슴살', 100);

INSERT INTO GOODSDB (GOODS_NAME, GOODS_PRICE, GOODSID, CATEGORY_CATEGORYID, GOODS_INFO, GOODS_STOCK) 
VALUES ('더캣츠 냥바 황태살 20g 15개입', 6900, 82005, 82, '고양이 간식 - 통살, 닭가슴살', 100);

INSERT INTO GOODSDB (GOODS_NAME, GOODS_PRICE, GOODSID, CATEGORY_CATEGORYID, GOODS_INFO, GOODS_STOCK) 
VALUES ('더캣츠 냥바 황태살 20g 50개', 21500, 82006, 82, '고양이 간식 - 통살, 닭가슴살', 100);

INSERT INTO GOODSDB (GOODS_NAME, GOODS_PRICE, GOODSID, CATEGORY_CATEGORYID, GOODS_INFO, GOODS_STOCK) 
VALUES ('더캣츠 냥바 미니 연어살 10g 30개입', 6900, 82007, 82, '고양이 간식 - 통살, 닭가슴살', 100);

INSERT INTO GOODSDB (GOODS_NAME, GOODS_PRICE, GOODSID, CATEGORY_CATEGORYID, GOODS_INFO, GOODS_STOCK) 
VALUES ('더캣츠 냥바 연어살 20g 50개입', 21500, 82008, 82, '고양이 간식 - 통살, 닭가슴살', 100);

INSERT INTO GOODSDB (GOODS_NAME, GOODS_PRICE, GOODSID, CATEGORY_CATEGORYID, GOODS_INFO, GOODS_STOCK) 
VALUES ('더캣츠 냥바 미니 가다랑어살 10g 30개입', 6900, 82009, 82, '고양이 간식 - 통살, 닭가슴살', 100);

INSERT INTO GOODSDB (GOODS_NAME, GOODS_PRICE, GOODSID, CATEGORY_CATEGORYID, GOODS_INFO, GOODS_STOCK) 
VALUES ('위위 닭가슴살 오리지널 22g X 30개', 12600, 82010, 82, '고양이 간식 - 통살, 닭가슴살', 100);

INSERT INTO GOODSDB (GOODS_NAME, GOODS_PRICE, GOODSID, CATEGORY_CATEGORYID, GOODS_INFO, GOODS_STOCK) 
VALUES ('위위 닭가슴살 가다랑어 22g X 30개', 12600, 82011, 82, '고양이 간식 - 통살, 닭가슴살', 100);

INSERT INTO GOODSDB (GOODS_NAME, GOODS_PRICE, GOODSID, CATEGORY_CATEGORYID, GOODS_INFO, GOODS_STOCK) 
VALUES ('위위 닭가슴살 새우 22g X 30개', 12600, 82012, 82, '고양이 간식 - 통살, 닭가슴살', 100);

INSERT INTO GOODSDB (GOODS_NAME, GOODS_PRICE, GOODSID, CATEGORY_CATEGORYID, GOODS_INFO, GOODS_STOCK) 
VALUES ('더캣츠 그대로 미니포켓 치킨 12개입', 2950, 82013, 82, '고양이 간식 - 통살, 닭가슴살', 100);

INSERT INTO GOODSDB (GOODS_NAME, GOODS_PRICE, GOODSID, CATEGORY_CATEGORYID, GOODS_INFO, GOODS_STOCK) 
VALUES ('더캣츠 그대로 미니포켓 참치 10개입', 2950, 82014, 82, '고양이 간식 - 통살, 닭가슴살', 100);

INSERT INTO GOODSDB (GOODS_NAME, GOODS_PRICE, GOODSID, CATEGORY_CATEGORYID, GOODS_INFO, GOODS_STOCK) 
VALUES ('더캣츠 그대로 미니포켓 연어 10개입', 2950, 82015, 82, '고양이 간식 - 통살, 닭가슴살', 100);

INSERT INTO GOODSDB (GOODS_NAME, GOODS_PRICE, GOODSID, CATEGORY_CATEGORYID, GOODS_INFO, GOODS_STOCK) 
VALUES ('유로리터 소디움 벤토나이트 베이비파우더향 15kg', 34700, 91001, 91, '고양이 용품 - 모래', 100);

INSERT INTO GOODSDB (GOODS_NAME, GOODS_PRICE, GOODSID, CATEGORY_CATEGORYID, GOODS_INFO, GOODS_STOCK) 
VALUES ('유로리터 소디움 벤토나이트 라벤더향 15kg', 34700, 91002, 91, '고양이 용품 - 모래', 100);

INSERT INTO GOODSDB (GOODS_NAME, GOODS_PRICE, GOODSID, CATEGORY_CATEGORYID, GOODS_INFO, GOODS_STOCK) 
VALUES ('유로리터 소디움 벤토나이트 무향 15kg', 34700, 91003, 91, '고양이 용품 - 모래', 100);

INSERT INTO GOODSDB (GOODS_NAME, GOODS_PRICE, GOODSID, CATEGORY_CATEGORYID, GOODS_INFO, GOODS_STOCK) 
VALUES ('유로리터 소디움 벤토나이트 베이비파우더향 7kg 2개입', 38300, 91004, 91, '고양이 용품 - 모래', 100);

INSERT INTO GOODSDB (GOODS_NAME, GOODS_PRICE, GOODSID, CATEGORY_CATEGORYID, GOODS_INFO, GOODS_STOCK) 
VALUES ('유로리터 소디움 벤토나이트 라벤더향 7kg 2개입', 38300, 91005, 91, '고양이 용품 - 모래', 100);

INSERT INTO GOODSDB (GOODS_NAME, GOODS_PRICE, GOODSID, CATEGORY_CATEGORYID, GOODS_INFO, GOODS_STOCK) 
VALUES ('유로리터 소디움 벤토나이트 무향 7kg 2개입', 38300, 91006, 91, '고양이 용품 - 모래', 100);

INSERT INTO GOODSDB (GOODS_NAME, GOODS_PRICE, GOODSID, CATEGORY_CATEGORYID, GOODS_INFO, GOODS_STOCK) 
VALUES ('한그득 아빠가뭐래? 엄마가모래! 라벤더 7L', 7350, 91007, 91, '고양이 용품 - 모래', 100);

INSERT INTO GOODSDB (GOODS_NAME, GOODS_PRICE, GOODSID, CATEGORY_CATEGORYID, GOODS_INFO, GOODS_STOCK) 
VALUES ('한그득 아빠가뭐래? 엄마가모래! 녹차 7L', 7350, 91008, 91, '고양이 용품 - 모래', 100);

INSERT INTO GOODSDB (GOODS_NAME, GOODS_PRICE, GOODSID, CATEGORY_CATEGORYID, GOODS_INFO, GOODS_STOCK) 
VALUES ('한그득 아빠가뭐래? 엄마가모래! 오리지날 7L', 7350, 91009, 91, '고양이 용품 - 모래', 100);

INSERT INTO GOODSDB (GOODS_NAME, GOODS_PRICE, GOODSID, CATEGORY_CATEGORYID, GOODS_INFO, GOODS_STOCK) 
VALUES ('뽀로로펫 모래킹 4L', 4000, 91010, 91, '고양이 용품 - 모래', 100);

INSERT INTO GOODSDB (GOODS_NAME, GOODS_PRICE, GOODSID, CATEGORY_CATEGORYID, GOODS_INFO, GOODS_STOCK) 
VALUES ('에코리에프 캣리터 벤토나이트 레몬향 8L', 7000, 91011, 91, '고양이 용품 - 모래', 100);

INSERT INTO GOODSDB (GOODS_NAME, GOODS_PRICE, GOODSID, CATEGORY_CATEGORYID, GOODS_INFO, GOODS_STOCK) 
VALUES ('카르마 킹오브샌드 벤토나이트 베이비파우더향 5L', 4600, 91012, 91, '고양이 용품 - 모래', 100);

INSERT INTO GOODSDB (GOODS_NAME, GOODS_PRICE, GOODSID, CATEGORY_CATEGORYID, GOODS_INFO, GOODS_STOCK) 
VALUES ('카르마 킹오브샌드 벤토나이트 무향 5L', 4600, 91013, 91, '고양이 용품 - 모래', 100);

INSERT INTO GOODSDB (GOODS_NAME, GOODS_PRICE, GOODSID, CATEGORY_CATEGORYID, GOODS_INFO, GOODS_STOCK) 
VALUES ('카르마 퀸오브샌드 누디 녹차 3kg', 7700, 91014, 91, '고양이 용품 - 모래', 100);

INSERT INTO GOODSDB (GOODS_NAME, GOODS_PRICE, GOODSID, CATEGORY_CATEGORYID, GOODS_INFO, GOODS_STOCK) 
VALUES ('굿프랜드 도모다찌 향모래 레몬 5L', 5600, 91015, 91, '고양이 용품 - 모래', 100);

INSERT INTO GOODSDB (GOODS_NAME, GOODS_PRICE, GOODSID, CATEGORY_CATEGORYID, GOODS_INFO, GOODS_STOCK) 
VALUES ('굿프랜드 도모다찌 모래 5L', 5200, 91016, 91, '고양이 용품 - 모래', 100);

INSERT INTO GOODSDB (GOODS_NAME, GOODS_PRICE, GOODSID, CATEGORY_CATEGORYID, GOODS_INFO, GOODS_STOCK) 
VALUES ('굿프랜드 주주 모래 5kg', 6300, 91017, 91, '고양이 용품 - 모래', 100);

INSERT INTO GOODSDB (GOODS_NAME, GOODS_PRICE, GOODSID, CATEGORY_CATEGORYID, GOODS_INFO, GOODS_STOCK) 
VALUES ('네모네모 두부모래 가는입자 오리지널 7L', 6900, 91018, 91, '고양이 용품 - 모래', 100);

INSERT INTO GOODSDB (GOODS_NAME, GOODS_PRICE, GOODSID, CATEGORY_CATEGORYID, GOODS_INFO, GOODS_STOCK) 
VALUES ('네모네모 두부모래 가는입자 녹차 7L', 6900, 91019, 91, '고양이 용품 - 모래', 100);

INSERT INTO GOODSDB (GOODS_NAME, GOODS_PRICE, GOODSID, CATEGORY_CATEGORYID, GOODS_INFO, GOODS_STOCK) 
VALUES ('네모네모 두부모래 가는입자 라벤더 7L', 6900, 91020, 91, '고양이 용품 - 모래', 100);

INSERT INTO GOODSDB (GOODS_NAME, GOODS_PRICE, GOODSID, CATEGORY_CATEGORYID, GOODS_INFO, GOODS_STOCK) 
VALUES ('더캣츠 두부니? 모래야! 오리지널 7L', 7000, 91021, 91, '고양이 용품 - 모래', 100);

INSERT INTO GOODSDB (GOODS_NAME, GOODS_PRICE, GOODSID, CATEGORY_CATEGORYID, GOODS_INFO, GOODS_STOCK) 
VALUES ('더캣츠 두부니? 모래야! 베이비파우더향 7L', 7000, 91022, 91, '고양이 용품 - 모래', 100);

INSERT INTO GOODSDB (GOODS_NAME, GOODS_PRICE, GOODSID, CATEGORY_CATEGORYID, GOODS_INFO, GOODS_STOCK) 
VALUES ('더캣츠 두부니? 모래야! 녹차향 7L', 7000, 91023, 91, '고양이 용품 - 모래', 100);

INSERT INTO GOODSDB (GOODS_NAME, GOODS_PRICE, GOODSID, CATEGORY_CATEGORYID, GOODS_INFO, GOODS_STOCK) 
VALUES ('카르마 퀸오브샌드 숯 3kg', 8400, 91024, 91, '고양이 용품 - 모래', 100);

INSERT INTO GOODSDB (GOODS_NAME, GOODS_PRICE, GOODSID, CATEGORY_CATEGORYID, GOODS_INFO, GOODS_STOCK) 
VALUES ('카르마 퀸오브샌드 녹차 3kg', 8400, 91025, 91, '고양이 용품 - 모래', 100);

INSERT INTO GOODSDB (GOODS_NAME, GOODS_PRICE, GOODSID, CATEGORY_CATEGORYID, GOODS_INFO, GOODS_STOCK) 
VALUES ('카르마 퀸오브샌드 두부 3kg', 8400, 91026, 91, '고양이 용품 - 모래', 100);

INSERT INTO GOODSDB (GOODS_NAME, GOODS_PRICE, GOODSID, CATEGORY_CATEGORYID, GOODS_INFO, GOODS_STOCK) 
VALUES ('에코 펠라인 퓨어 9.08kg', 16400, 91027, 91, '고양이 용품 - 모래', 100);

INSERT INTO GOODSDB (GOODS_NAME, GOODS_PRICE, GOODSID, CATEGORY_CATEGORYID, GOODS_INFO, GOODS_STOCK) 
VALUES ('푸르미 벤티 캣 토일렛 아이보리', 37800, 92001, 92, '고양이 용품 - 화장실', 100);

INSERT INTO GOODSDB (GOODS_NAME, GOODS_PRICE, GOODSID, CATEGORY_CATEGORYID, GOODS_INFO, GOODS_STOCK) 
VALUES ('에티펫 향기묘책 러블리 코튼향 150g', 8300, 92002, 92, '고양이 용품 - 화장실', 100);

INSERT INTO GOODSDB (GOODS_NAME, GOODS_PRICE, GOODSID, CATEGORY_CATEGORYID, GOODS_INFO, GOODS_STOCK) 
VALUES ('에티펫 향기묘책 편백 숲속향 150g', 8300, 92003, 92, '고양이 용품 - 화장실', 100);

INSERT INTO GOODSDB (GOODS_NAME, GOODS_PRICE, GOODSID, CATEGORY_CATEGORYID, GOODS_INFO, GOODS_STOCK) 
VALUES ('푸르미 벤티 캣 토일렛 인디핑크', 37800, 92004, 92, '고양이 용품 - 화장실', 100);

INSERT INTO GOODSDB (GOODS_NAME, GOODS_PRICE, GOODSID, CATEGORY_CATEGORYID, GOODS_INFO, GOODS_STOCK) 
VALUES ('푸르미 벤티 캣 토일렛 그레이', 37800, 92005, 92, '고양이 용품 - 화장실', 100);

INSERT INTO GOODSDB (GOODS_NAME, GOODS_PRICE, GOODSID, CATEGORY_CATEGORYID, GOODS_INFO, GOODS_STOCK) 
VALUES ('캣리터 심플 고양이 모래삽', 480, 92006, 92, '고양이 용품 - 화장실', 100);

INSERT INTO GOODSDB (GOODS_NAME, GOODS_PRICE, GOODSID, CATEGORY_CATEGORYID, GOODS_INFO, GOODS_STOCK) 
VALUES ('푸르미 고양이 화장실 소형 인디핑크', 9800, 92007, 92, '고양이 용품 - 화장실', 100);

INSERT INTO GOODSDB (GOODS_NAME, GOODS_PRICE, GOODSID, CATEGORY_CATEGORYID, GOODS_INFO, GOODS_STOCK) 
VALUES ('푸르미 고양이 화장실 소형 라이트 그레이', 9800, 92008, 92, '고양이 용품 - 화장실', 100);

INSERT INTO GOODSDB (GOODS_NAME, GOODS_PRICE, GOODSID, CATEGORY_CATEGORYID, GOODS_INFO, GOODS_STOCK) 
VALUES ('푸르미 고양이 화장실 소형 아이보리', 9800, 92009, 92, '고양이 용품 - 화장실', 100);

INSERT INTO GOODSDB (GOODS_NAME, GOODS_PRICE, GOODSID, CATEGORY_CATEGORYID, GOODS_INFO, GOODS_STOCK) 
VALUES ('푸르미 고양이 화장실 소형 브라운', 9800, 92010, 92, '고양이 용품 - 화장실', 100);

INSERT INTO GOODSDB (GOODS_NAME, GOODS_PRICE, GOODSID, CATEGORY_CATEGORYID, GOODS_INFO, GOODS_STOCK) 
VALUES ('푸르미 고양이 화장실 인디핑크 대형', 17400, 92011, 92, '고양이 용품 - 화장실', 100);

INSERT INTO GOODSDB (GOODS_NAME, GOODS_PRICE, GOODSID, CATEGORY_CATEGORYID, GOODS_INFO, GOODS_STOCK) 
VALUES ('푸르미 고양이 화장실 라이트 그레이 대형', 17400, 92012, 92, '고양이 용품 - 화장실', 100);

INSERT INTO GOODSDB (GOODS_NAME, GOODS_PRICE, GOODSID, CATEGORY_CATEGORYID, GOODS_INFO, GOODS_STOCK) 
VALUES ('푸르미 고양이 화장실 아이보리 대형', 17400, 92013, 92, '고양이 용품 - 화장실', 100);

INSERT INTO GOODSDB (GOODS_NAME, GOODS_PRICE, GOODSID, CATEGORY_CATEGORYID, GOODS_INFO, GOODS_STOCK) 
VALUES ('푸르미 고양이 화장실 브라운 대형', 17400, 92014, 92, '고양이 용품 - 화장실', 100);

INSERT INTO GOODSDB (GOODS_NAME, GOODS_PRICE, GOODSID, CATEGORY_CATEGORYID, GOODS_INFO, GOODS_STOCK) 
VALUES ('푸르미 모래삽 (랜덤발송)', 800, 92015, 92, '고양이 용품 - 화장실', 100);

INSERT INTO GOODSDB (GOODS_NAME, GOODS_PRICE, GOODSID, CATEGORY_CATEGORYID, GOODS_INFO, GOODS_STOCK) 
VALUES ('아이캣 고양이 화장실 브라운 레귤러', 45200, 92016, 92, '고양이 용품 - 화장실', 100);

INSERT INTO GOODSDB (GOODS_NAME, GOODS_PRICE, GOODSID, CATEGORY_CATEGORYID, GOODS_INFO, GOODS_STOCK) 
VALUES ('아이캣 뚱냥이 모래매트 아이보리 점보', 8800, 92017, 92, '고양이 용품 - 화장실', 100);

INSERT INTO GOODSDB (GOODS_NAME, GOODS_PRICE, GOODSID, CATEGORY_CATEGORYID, GOODS_INFO, GOODS_STOCK) 
VALUES ('도기프랜드 모래삽 (랜덤발송)', 1050, 92018, 92, '고양이 용품 - 화장실', 100);

INSERT INTO GOODSDB (GOODS_NAME, GOODS_PRICE, GOODSID, CATEGORY_CATEGORYID, GOODS_INFO, GOODS_STOCK) 
VALUES ('하겐 심플 변기스푼 블루', 2950, 92019, 92, '고양이 용품 - 화장실', 100);

INSERT INTO GOODSDB (GOODS_NAME, GOODS_PRICE, GOODSID, CATEGORY_CATEGORYID, GOODS_INFO, GOODS_STOCK) 
VALUES ('하겐 심플 변기스푼 핑크', 2950, 92020, 92, '고양이 용품 - 화장실', 100);

INSERT INTO GOODSDB (GOODS_NAME, GOODS_PRICE, GOODSID, CATEGORY_CATEGORYID, GOODS_INFO, GOODS_STOCK) 
VALUES ('하겐 심플 변기스푼 그레이', 2950, 92021, 92, '고양이 용품 - 화장실', 100);

INSERT INTO GOODSDB (GOODS_NAME, GOODS_PRICE, GOODSID, CATEGORY_CATEGORYID, GOODS_INFO, GOODS_STOCK) 
VALUES ('아이캣 뚱냥이 모래매트 아이보리', 6300, 92022, 92, '고양이 용품 - 화장실', 100);

INSERT INTO USERDB (USERID, LOGINID, LOGINPW, NAME, EMAIL, NICK_NAME, PHONE) 
VALUES (1000, 'admin', 'admin', '관리자', 'admin@google.com', 'admin', '010-1234-5678');

INSERT INTO USERDB (USERID, LOGINID, LOGINPW, NAME, EMAIL, NICK_NAME, PHONE) 
VALUES (1001, 'sky6788', '1234', '이하늘', 'sky6788@naver.com', '스카이', '010-6788-5678');

INSERT INTO USERDB (USERID, LOGINID, LOGINPW, NAME, EMAIL, NICK_NAME, PHONE) 
VALUES (1002, 'summmer1862', '5678', '한여름', 'summmer1862@hanmail.net', '썸머', '010-1862-5428');

INSERT INTO USERDB (USERID, LOGINID, LOGINPW, NAME, EMAIL, NICK_NAME, PHONE) 
VALUES (1003, 'winter2434', '4242', '강겨울', (null), '윈터', '010-2434-5788');

INSERT INTO USERDB (USERID, LOGINID, LOGINPW, NAME, EMAIL, NICK_NAME, PHONE) 
VALUES (1004, 'spring8885', '1357', '김봄', 'spring8885@google.com', '스트링', '010-8885-5538');

INSERT INTO USERDB (USERID, LOGINID, LOGINPW, NAME, EMAIL, NICK_NAME, PHONE) 
VALUES (1005, 'tnwjdah3824', '5869', '수정모', 'tnwjdah3824@naver.com', '크리스탈', '010-3824-5678');

INSERT INTO USERDB (USERID, LOGINID, LOGINPW, NAME, EMAIL, NICK_NAME, PHONE) 
VALUES (1006, 'chelsu', '43567', '김철수', 'chelsu@naver.com', '백업', '010-4388-5656');

INSERT INTO USERDB (USERID, LOGINID, LOGINPW, NAME, EMAIL, NICK_NAME, PHONE) 
VALUES (1007, 'an032', '6869', '안영준', 'an032@google.com', '영삼', '010-9834-1278');

INSERT INTO USERDB (USERID, LOGINID, LOGINPW, NAME, EMAIL, NICK_NAME, PHONE) 
VALUES (1008, 'bakkmoun23', '3278', '백두산', 'bakkmoun23@google.com', '백두산', '010-8567-9976');

INSERT INTO USERDB (USERID, LOGINID, LOGINPW, NAME, EMAIL, NICK_NAME, PHONE) 
VALUES (1009, 'gogomin1377', '28964', '고민혁', 'gogomin1377@google.com', '이효리', '010-1377-3588');

INSERT INTO ORDERS (ORDERID, USERDB_USERID, GOODSDB_GOODSID, ORDERDATE, ADDRESS_NUM, ADDRESS, DETAIL_ADDRESS, PHONE, TOTAL_PRICE) 
VALUES (10001, 1001, 63001, to_date('01/02/2024', 'MM/DD/RRRR'), '12345', '부산시 진구 동평로352', '102-301', (select phone from userdb where userid=1001), (select goods_price*1 from goodsdb where goodsid=63001));

INSERT INTO ORDERS (ORDERID, USERDB_USERID, GOODSDB_GOODSID, ORDERDATE, ADDRESS_NUM, ADDRESS, DETAIL_ADDRESS, PHONE, TOTAL_PRICE) 
VALUES (10002, 1002, 11001, to_date('01/03/2024', 'MM/DD/RRRR'), '45678', '부산시 해운대구 반송대로111', '101-1001', (select phone from userdb where userid=1002), (select goods_price*8 from goodsdb where goodsid=11001));

INSERT INTO ORDERS (ORDERID, USERDB_USERID, GOODSDB_GOODSID, ORDERDATE, ADDRESS_NUM, ADDRESS, DETAIL_ADDRESS, PHONE, TOTAL_PRICE) 
VALUES (10003, 1009, 82004, to_date('01/04/2024', 'MM/DD/RRRR'), '61974', '광주 서구 화운로193번길 25', '101-2001', (select phone from userdb where userid=1009), (select goods_price*1 from goodsdb where goodsid=82004));

INSERT INTO ORDERS (ORDERID, USERDB_USERID, GOODSDB_GOODSID, ORDERDATE, ADDRESS_NUM, ADDRESS, DETAIL_ADDRESS, PHONE, TOTAL_PRICE) 
VALUES (10004, 1001, 81005, to_date('01/05/2024', 'MM/DD/RRRR'), '12345', '부산시 진구 동평로352', '102-301', (select phone from userdb where userid=1001), (select goods_price*4 from goodsdb where goodsid=81005));

INSERT INTO ORDERS (ORDERID, USERDB_USERID, GOODSDB_GOODSID, ORDERDATE, ADDRESS_NUM, ADDRESS, DETAIL_ADDRESS, PHONE, TOTAL_PRICE) 
VALUES (10005, 1004, 23024, to_date('01/12/2024', 'MM/DD/RRRR'), '2536', '서울 동대문구 전농로10길 20', '109-2501', (select phone from userdb where userid=1004), (select goods_price*10 from goodsdb where goodsid=23024));

INSERT INTO ORDERS (ORDERID, USERDB_USERID, GOODSDB_GOODSID, ORDERDATE, ADDRESS_NUM, ADDRESS, DETAIL_ADDRESS, PHONE, TOTAL_PRICE) 
VALUES (10006, 1009, 81035, to_date('01/12/2024', 'MM/DD/RRRR'), '61974', '광주 서구 화운로193번길 25', '101-2001', (select phone from userdb where userid=1009), (select goods_price*1 from goodsdb where goodsid=81035));

INSERT INTO ORDERS (ORDERID, USERDB_USERID, GOODSDB_GOODSID, ORDERDATE, ADDRESS_NUM, ADDRESS, DETAIL_ADDRESS, PHONE, TOTAL_PRICE) 
VALUES (10007, 1004, 23025, to_date('01/13/2024', 'MM/DD/RRRR'), '2536', '서울 동대문구 전농로10길 20', '109-2501', (select phone from userdb where userid=1004), (select goods_price*11 from goodsdb where goodsid=23025));

INSERT INTO ORDERS (ORDERID, USERDB_USERID, GOODSDB_GOODSID, ORDERDATE, ADDRESS_NUM, ADDRESS, DETAIL_ADDRESS, PHONE, TOTAL_PRICE) 
VALUES (10008, 1001, 81001, to_date('01/15/2024', 'MM/DD/RRRR'), '12345', '부산시 진구 동평로352', '102-301', (select phone from userdb where userid=1001), (select goods_price*3 from goodsdb where goodsid=81001));

INSERT INTO ORDERS (ORDERID, USERDB_USERID, GOODSDB_GOODSID, ORDERDATE, ADDRESS_NUM, ADDRESS, DETAIL_ADDRESS, PHONE, TOTAL_PRICE) 
VALUES (10009, 1006, 63001, to_date('01/17/2024', 'MM/DD/RRRR'), '4011', '서울 마포구 망원로10길 6', '101-203', (select phone from userdb where userid=1006), (select goods_price*1 from goodsdb where goodsid=63001));

INSERT INTO ORDERS (ORDERID, USERDB_USERID, GOODSDB_GOODSID, ORDERDATE, ADDRESS_NUM, ADDRESS, DETAIL_ADDRESS, PHONE, TOTAL_PRICE) 
VALUES (10010, 1001, 71004, to_date('01/25/2024', 'MM/DD/RRRR'), '12345', '부산시 진구 동평로352', '102-301', (select phone from userdb where userid=1001), (select goods_price*5 from goodsdb where goodsid=71004));

INSERT INTO ORDERS (ORDERID, USERDB_USERID, GOODSDB_GOODSID, ORDERDATE, ADDRESS_NUM, ADDRESS, DETAIL_ADDRESS, PHONE, TOTAL_PRICE) 
VALUES (10011, 1001, 82001, to_date('02/02/2024', 'MM/DD/RRRR'), '12345', '부산시 진구 동평로352', '102-301', (select phone from userdb where userid=1001), (select goods_price*2 from goodsdb where goodsid=82001));

INSERT INTO ORDERS (ORDERID, USERDB_USERID, GOODSDB_GOODSID, ORDERDATE, ADDRESS_NUM, ADDRESS, DETAIL_ADDRESS, PHONE, TOTAL_PRICE) 
VALUES (10012, 1004, 23022, to_date('02/02/2024', 'MM/DD/RRRR'), '2536', '서울 동대문구 전농로10길 20', '109-2501', (select phone from userdb where userid=1004), (select goods_price*2 from goodsdb where goodsid=23022));

INSERT INTO ORDERS (ORDERID, USERDB_USERID, GOODSDB_GOODSID, ORDERDATE, ADDRESS_NUM, ADDRESS, DETAIL_ADDRESS, PHONE, TOTAL_PRICE) 
VALUES (10013, 1002, 21001, to_date('02/04/2024', 'MM/DD/RRRR'), '45678', '부산시 해운대구 반송대로111', '101-1001', (select phone from userdb where userid=1002), (select goods_price*2 from goodsdb where goodsid=21001));

INSERT INTO ORDERS (ORDERID, USERDB_USERID, GOODSDB_GOODSID, ORDERDATE, ADDRESS_NUM, ADDRESS, DETAIL_ADDRESS, PHONE, TOTAL_PRICE) 
VALUES (10014, 1003, 22020, to_date('02/06/2024', 'MM/DD/RRRR'), '24777', '부산시 남구 황령대로 2', '106-1013', (select phone from userdb where userid=1003), (select goods_price*10 from goodsdb where goodsid=22020));

INSERT INTO ORDERS (ORDERID, USERDB_USERID, GOODSDB_GOODSID, ORDERDATE, ADDRESS_NUM, ADDRESS, DETAIL_ADDRESS, PHONE, TOTAL_PRICE) 
VALUES (10015, 1003, 22009, to_date('02/09/2024', 'MM/DD/RRRR'), '24777', '부산시 남구 황령대로 2', '106-1013', (select phone from userdb where userid=1003), (select goods_price*10 from goodsdb where goodsid=22009));

INSERT INTO ORDERS (ORDERID, USERDB_USERID, GOODSDB_GOODSID, ORDERDATE, ADDRESS_NUM, ADDRESS, DETAIL_ADDRESS, PHONE, TOTAL_PRICE) 
VALUES (10016, 1007, 61002, to_date('02/10/2024', 'MM/DD/RRRR'), '21910', '인천 연수구 선학로 101', '103-1807', (select phone from userdb where userid=1007), (select goods_price*1 from goodsdb where goodsid=61002));

INSERT INTO ORDERS (ORDERID, USERDB_USERID, GOODSDB_GOODSID, ORDERDATE, ADDRESS_NUM, ADDRESS, DETAIL_ADDRESS, PHONE, TOTAL_PRICE) 
VALUES (10017, 1004, 23023, to_date('02/11/2024', 'MM/DD/RRRR'), '2536', '서울 동대문구 전농로10길 20', '109-2501', (select phone from userdb where userid=1004), (select goods_price*4 from goodsdb where goodsid=23023));

INSERT INTO ORDERS (ORDERID, USERDB_USERID, GOODSDB_GOODSID, ORDERDATE, ADDRESS_NUM, ADDRESS, DETAIL_ADDRESS, PHONE, TOTAL_PRICE) 
VALUES (10018, 1009, 81031, to_date('02/11/2024', 'MM/DD/RRRR'), '61974', '광주 서구 화운로193번길 25', '101-2001', (select phone from userdb where userid=1009), (select goods_price*1 from goodsdb where goodsid=81031));

INSERT INTO ORDERS (ORDERID, USERDB_USERID, GOODSDB_GOODSID, ORDERDATE, ADDRESS_NUM, ADDRESS, DETAIL_ADDRESS, PHONE, TOTAL_PRICE) 
VALUES (10019, 1004, 23026, to_date('02/15/2024', 'MM/DD/RRRR'), '2536', '서울 동대문구 전농로10길 20', '109-2501', (select phone from userdb where userid=1004), (select goods_price*8 from goodsdb where goodsid=23026));

INSERT INTO ORDERS (ORDERID, USERDB_USERID, GOODSDB_GOODSID, ORDERDATE, ADDRESS_NUM, ADDRESS, DETAIL_ADDRESS, PHONE, TOTAL_PRICE) 
VALUES (10020, 1004, 23027, to_date('02/15/2024', 'MM/DD/RRRR'), '2536', '서울 동대문구 전농로10길 20', '109-2501', (select phone from userdb where userid=1004), (select goods_price*7 from goodsdb where goodsid=23027));

INSERT INTO ORDERS (ORDERID, USERDB_USERID, GOODSDB_GOODSID, ORDERDATE, ADDRESS_NUM, ADDRESS, DETAIL_ADDRESS, PHONE, TOTAL_PRICE) 
VALUES (10021, 1006, 41004, to_date('02/15/2024', 'MM/DD/RRRR'), '4011', '서울 마포구 망원로10길 6', '101-203', (select phone from userdb where userid=1006), (select goods_price*1 from goodsdb where goodsid=41004));

INSERT INTO ORDERS (ORDERID, USERDB_USERID, GOODSDB_GOODSID, ORDERDATE, ADDRESS_NUM, ADDRESS, DETAIL_ADDRESS, PHONE, TOTAL_PRICE) 
VALUES (10022, 1007, 52010, to_date('02/15/2024', 'MM/DD/RRRR'), '21910', '인천 연수구 선학로 101', '103-1807', (select phone from userdb where userid=1007), (select goods_price*1 from goodsdb where goodsid=52010));

INSERT INTO ORDERS (ORDERID, USERDB_USERID, GOODSDB_GOODSID, ORDERDATE, ADDRESS_NUM, ADDRESS, DETAIL_ADDRESS, PHONE, TOTAL_PRICE) 
VALUES (10023, 1005, 63001, to_date('02/16/2024', 'MM/DD/RRRR'), '7221', '서울 영등포구 국회대로 597', '103-2103', (select phone from userdb where userid=1005), (select goods_price*1 from goodsdb where goodsid=63001));

INSERT INTO ORDERS (ORDERID, USERDB_USERID, GOODSDB_GOODSID, ORDERDATE, ADDRESS_NUM, ADDRESS, DETAIL_ADDRESS, PHONE, TOTAL_PRICE) 
VALUES (10024, 1006, 31001, to_date('02/16/2024', 'MM/DD/RRRR'), '4011', '서울 마포구 망원로10길 6', '101-203', (select phone from userdb where userid=1006), (select goods_price*1 from goodsdb where goodsid=31001));

INSERT INTO ORDERS (ORDERID, USERDB_USERID, GOODSDB_GOODSID, ORDERDATE, ADDRESS_NUM, ADDRESS, DETAIL_ADDRESS, PHONE, TOTAL_PRICE) 
VALUES (10025, 1003, 22008, to_date('02/18/2024', 'MM/DD/RRRR'), '24777', '부산시 남구 황령대로 2', '106-1013', (select phone from userdb where userid=1003), (select goods_price*10 from goodsdb where goodsid=22008));

INSERT INTO ORDERS (ORDERID, USERDB_USERID, GOODSDB_GOODSID, ORDERDATE, ADDRESS_NUM, ADDRESS, DETAIL_ADDRESS, PHONE, TOTAL_PRICE) 
VALUES (10026, 1009, 81032, to_date('02/21/2024', 'MM/DD/RRRR'), '61974', '광주 서구 화운로193번길 25', '101-2001', (select phone from userdb where userid=1009), (select goods_price*1 from goodsdb where goodsid=81032));

INSERT INTO ORDERS (ORDERID, USERDB_USERID, GOODSDB_GOODSID, ORDERDATE, ADDRESS_NUM, ADDRESS, DETAIL_ADDRESS, PHONE, TOTAL_PRICE) 
VALUES (10027, 1008, 81015, to_date('02/22/2024', 'MM/DD/RRRR'), '41911', '대구 중구 국채보상로131길 55', '102-1103', (select phone from userdb where userid=1008), (select goods_price*1 from goodsdb where goodsid=81015));

INSERT INTO ORDERS (ORDERID, USERDB_USERID, GOODSDB_GOODSID, ORDERDATE, ADDRESS_NUM, ADDRESS, DETAIL_ADDRESS, PHONE, TOTAL_PRICE) 
VALUES (10028, 1008, 81016, to_date('02/23/2024', 'MM/DD/RRRR'), '41911', '대구 중구 국채보상로131길 55', '102-1103', (select phone from userdb where userid=1008), (select goods_price*1 from goodsdb where goodsid=81016));

INSERT INTO ORDERS (ORDERID, USERDB_USERID, GOODSDB_GOODSID, ORDERDATE, ADDRESS_NUM, ADDRESS, DETAIL_ADDRESS, PHONE, TOTAL_PRICE) 
VALUES (10029, 1008, 81017, to_date('02/24/2024', 'MM/DD/RRRR'), '41911', '대구 중구 국채보상로131길 55', '102-1103', (select phone from userdb where userid=1008), (select goods_price*4 from goodsdb where goodsid=81017));

INSERT INTO ORDERS (ORDERID, USERDB_USERID, GOODSDB_GOODSID, ORDERDATE, ADDRESS_NUM, ADDRESS, DETAIL_ADDRESS, PHONE, TOTAL_PRICE) 
VALUES (10030, 1002, 21009, to_date('02/25/2024', 'MM/DD/RRRR'), '45678', '부산시 해운대구 반송대로111', '101-1001', (select phone from userdb where userid=1002), (select goods_price*3 from goodsdb where goodsid=21009));

INSERT INTO ORDERS (ORDERID, USERDB_USERID, GOODSDB_GOODSID, ORDERDATE, ADDRESS_NUM, ADDRESS, DETAIL_ADDRESS, PHONE, TOTAL_PRICE) 
VALUES (10031, 1008, 81018, to_date('02/25/2024', 'MM/DD/RRRR'), '41911', '대구 중구 국채보상로131길 55', '102-1103', (select phone from userdb where userid=1008), (select goods_price*2 from goodsdb where goodsid=81018));

INSERT INTO ORDERS (ORDERID, USERDB_USERID, GOODSDB_GOODSID, ORDERDATE, ADDRESS_NUM, ADDRESS, DETAIL_ADDRESS, PHONE, TOTAL_PRICE) 
VALUES (10032, 1008, 81019, to_date('02/25/2024', 'MM/DD/RRRR'), '41911', '대구 중구 국채보상로131길 55', '102-1103', (select phone from userdb where userid=1008), (select goods_price*3 from goodsdb where goodsid=81019));

INSERT INTO ORDERS (ORDERID, USERDB_USERID, GOODSDB_GOODSID, ORDERDATE, ADDRESS_NUM, ADDRESS, DETAIL_ADDRESS, PHONE, TOTAL_PRICE) 
VALUES (10033, 1009, 81033, to_date('02/29/2024', 'MM/DD/RRRR'), '61974', '광주 서구 화운로193번길 25', '101-2001', (select phone from userdb where userid=1009), (select goods_price*1 from goodsdb where goodsid=81033));

INSERT INTO ORDERS (ORDERID, USERDB_USERID, GOODSDB_GOODSID, ORDERDATE, ADDRESS_NUM, ADDRESS, DETAIL_ADDRESS, PHONE, TOTAL_PRICE) 
VALUES (10034, 1009, 81034, to_date('03/01/2024', 'MM/DD/RRRR'), '61974', '광주 서구 화운로193번길 25', '101-2001', (select phone from userdb where userid=1009), (select goods_price*1 from goodsdb where goodsid=81034));

INSERT INTO ORDERS (ORDERID, USERDB_USERID, GOODSDB_GOODSID, ORDERDATE, ADDRESS_NUM, ADDRESS, DETAIL_ADDRESS, PHONE, TOTAL_PRICE) 
VALUES (10035, 1009, 82005, to_date('03/03/2024', 'MM/DD/RRRR'), '61974', '광주 서구 화운로193번길 25', '101-2001', (select phone from userdb where userid=1009), (select goods_price*1 from goodsdb where goodsid=82005));

INSERT INTO ORDERS (ORDERID, USERDB_USERID, GOODSDB_GOODSID, ORDERDATE, ADDRESS_NUM, ADDRESS, DETAIL_ADDRESS, PHONE, TOTAL_PRICE) 
VALUES (10036, 1003, 22007, to_date('03/07/2024', 'MM/DD/RRRR'), '24777', '부산시 남구 황령대로 2', '106-1013', (select phone from userdb where userid=1003), (select goods_price*10 from goodsdb where goodsid=22007));

INSERT INTO BASKET (BASKET_ID, USERDB_USERID, GOODSDB_GOODSID, GOODSCNT) 
VALUES (0, NULL, NULL, NULL);

INSERT INTO BASKET (BASKET_ID, USERDB_USERID, GOODSDB_GOODSID, GOODSCNT) 
VALUES (1, 1003, 91001, 1);

INSERT INTO BASKET (BASKET_ID, USERDB_USERID, GOODSDB_GOODSID, GOODSCNT) 
VALUES (2, 1007, 71019, 2);

INSERT INTO BASKET (BASKET_ID, USERDB_USERID, GOODSDB_GOODSID, GOODSCNT) 
VALUES (3, 1005, 23039, 3);

INSERT INTO BASKET (BASKET_ID, USERDB_USERID, GOODSDB_GOODSID, GOODSCNT) 
VALUES (4, 1001, 82003, 3);

INSERT INTO BASKET (BASKET_ID, USERDB_USERID, GOODSDB_GOODSID, GOODSCNT) 
VALUES (5, 1001, 82008, 3);

INSERT INTO BASKET (BASKET_ID, USERDB_USERID, GOODSDB_GOODSID, GOODSCNT) 
VALUES (6, 1001, 82006, 3);

INSERT INTO BASKET (BASKET_ID, USERDB_USERID, GOODSDB_GOODSID, GOODSCNT) 
VALUES (7, 1005, 23036, 2);

INSERT INTO BASKET (BASKET_ID, USERDB_USERID, GOODSDB_GOODSID, GOODSCNT) 
VALUES (8, 1005, 23037, 2);

INSERT INTO BASKET (BASKET_ID, USERDB_USERID, GOODSDB_GOODSID, GOODSCNT) 
VALUES (9, 1005, 23038, 4);

INSERT INTO BASKET (BASKET_ID, USERDB_USERID, GOODSDB_GOODSID, GOODSCNT) 
VALUES (10, 1007, 52019, 3);

INSERT INTO BASKET (BASKET_ID, USERDB_USERID, GOODSDB_GOODSID, GOODSCNT) 
VALUES (11, 1008, 11032, 20);

INSERT INTO BASKET (BASKET_ID, USERDB_USERID, GOODSDB_GOODSID, GOODSCNT) 
VALUES (12, 1009, 52007, 5);

INSERT INTO BASKET (BASKET_ID, USERDB_USERID, GOODSDB_GOODSID, GOODSCNT) 
VALUES (13, 1006, 61001, 1);

INSERT INTO BASKET (BASKET_ID, USERDB_USERID, GOODSDB_GOODSID, GOODSCNT) 
VALUES (14, 1003, 92004, 1);

INSERT INTO BASKET (BASKET_ID, USERDB_USERID, GOODSDB_GOODSID, GOODSCNT) 
VALUES (15, 1009, 52012, 5);

INSERT INTO BASKET (BASKET_ID, USERDB_USERID, GOODSDB_GOODSID, GOODSCNT) 
VALUES (16, 1009, 52009, 5);

INSERT INTO BASKET (BASKET_ID, USERDB_USERID, GOODSDB_GOODSID, GOODSCNT) 
VALUES (17, 1009, 52013, 5);

INSERT INTO BASKET (BASKET_ID, USERDB_USERID, GOODSDB_GOODSID, GOODSCNT) 
VALUES (18, 1009, 52011, 5);

INSERT INTO BASKET (BASKET_ID, USERDB_USERID, GOODSDB_GOODSID, GOODSCNT) 
VALUES (19, 1002, 81030, 5);

INSERT INTO BASKET (BASKET_ID, USERDB_USERID, GOODSDB_GOODSID, GOODSCNT) 
VALUES (20, 1009, 52008, 5);

INSERT INTO BASKET (BASKET_ID, USERDB_USERID, GOODSDB_GOODSID, GOODSCNT) 
VALUES (21, 1007, 62013, 2);

INSERT INTO BASKET (BASKET_ID, USERDB_USERID, GOODSDB_GOODSID, GOODSCNT) 
VALUES (22, 1009, 52010, 5);

INSERT INTO INQUIRY_PAGE (INQUIRY_ID, USERDB_USERID, GOODSDB_GOODSID, TITLE, I_CONTENTS, REG_DATE, MOD_DATE) 
VALUES (10101, 1001, NULL, '이벤트', '이벤트같은건 안하나요?', to_date('01/04/2024', 'MM/DD/RRRR'), to_date('01/04/2024', 'MM/DD/RRRR'));

INSERT INTO INQUIRY_PAGE (INQUIRY_ID, USERDB_USERID, GOODSDB_GOODSID, TITLE, I_CONTENTS, REG_DATE, MOD_DATE) 
VALUES (10102, 1005, 63001, '언제 배송되나요?', '사료 보관통을 시켰는데 언제 배송되는지 궁금해요', to_date('02/17/2024', 'MM/DD/RRRR'), to_date('02/17/2024', 'MM/DD/RRRR'));

INSERT INTO INQUIRY_PAGE (INQUIRY_ID, USERDB_USERID, GOODSDB_GOODSID, TITLE, I_CONTENTS, REG_DATE, MOD_DATE) 
VALUES (10103, 1003, 82004, '황태 입고 날짜', '현재 솔드아웃인데 언제 입고되나요?', to_date('02/18/2024', 'MM/DD/RRRR'), to_date('02/18/2024', 'MM/DD/RRRR'));

INSERT INTO INQUIRY_PAGE (INQUIRY_ID, USERDB_USERID, GOODSDB_GOODSID, TITLE, I_CONTENTS, REG_DATE, MOD_DATE) 
VALUES (10104, 1006, NULL, '펫 간식', '펫 간식 사람이 먹어도 되나요?', to_date('02/22/2024', 'MM/DD/RRRR'), to_date('02/22/2024', 'MM/DD/RRRR'));

INSERT INTO INQUIRY_PAGE (INQUIRY_ID, USERDB_USERID, GOODSDB_GOODSID, TITLE, I_CONTENTS, REG_DATE, MOD_DATE) 
VALUES (10105, 1002, 21009, '너무 맛있는데', '좀 덜 맛있게 만들어 주실 수 있나요?', to_date('02/28/2024', 'MM/DD/RRRR'), to_date('02/28/2024', 'MM/DD/RRRR'));

INSERT INTO INQUIRY_PAGE (INQUIRY_ID, USERDB_USERID, GOODSDB_GOODSID, TITLE, I_CONTENTS, REG_DATE, MOD_DATE) 
VALUES (10106, 1009, NULL, '비밀번호를 잊어먹었어요', '비밀번호를 잊어먹었는데 어떻게 해야 하나요?', to_date('05/02/2024', 'MM/DD/RRRR'), to_date('05/02/2024', 'MM/DD/RRRR'));

INSERT INTO REVIEW (REVIEW_ID, ORDERS_ORDERID, USERDB_USERID, GOODSDB_GOODSID, TITLE, R_CONTENTS, REG_DATE, MOD_DATE) 
VALUES (101, 10001, 1001, 63001, '사료보관함', '만족', to_date('01/05/2024', 'MM/DD/YYYY'), to_date('01/05/2024', 'MM/DD/YYYY'));

INSERT INTO REVIEW (REVIEW_ID, ORDERS_ORDERID, USERDB_USERID, GOODSDB_GOODSID, TITLE, R_CONTENTS, REG_DATE, MOD_DATE) 
VALUES (102, 10002, 1002, 11001, '잘먹어요', '저희집 강아지가 좋아하네요', to_date('01/06/2024', 'MM/DD/YYYY'), to_date('01/06/2024', 'MM/DD/YYYY'));

INSERT INTO REVIEW (REVIEW_ID, ORDERS_ORDERID, USERDB_USERID, GOODSDB_GOODSID, TITLE, R_CONTENTS, REG_DATE, MOD_DATE) 
VALUES (103, 10003, 1009, 82004, '황태러버', '고양이가 황태를 바닥까지 핥아먹었습니다', to_date('01/07/2024', 'MM/DD/YYYY'), to_date('01/07/2024', 'MM/DD/YYYY'));

INSERT INTO REVIEW (REVIEW_ID, ORDERS_ORDERID, USERDB_USERID, GOODSDB_GOODSID, TITLE, R_CONTENTS, REG_DATE, MOD_DATE) 
VALUES (104, 10004, 1001, 81005, '참치미친', '제가 먹어도 맛있네요', to_date('01/10/2024', 'MM/DD/YYYY'), to_date('01/10/2024', 'MM/DD/YYYY'));

INSERT INTO REVIEW (REVIEW_ID, ORDERS_ORDERID, USERDB_USERID, GOODSDB_GOODSID, TITLE, R_CONTENTS, REG_DATE, MOD_DATE) 
VALUES (105, 10005, 1004, 23024, '소고기 스테이크', '와 냄새 맡았는데 저도 군침이 흐르네요', to_date('01/15/2024', 'MM/DD/YYYY'), to_date('01/15/2024', 'MM/DD/YYYY'));

INSERT INTO REVIEW (REVIEW_ID, ORDERS_ORDERID, USERDB_USERID, GOODSDB_GOODSID, TITLE, R_CONTENTS, REG_DATE, MOD_DATE) 
VALUES (106, 10006, 1009, 81035, '생각보다 양이 작음', '60g이 ㄹㅇ 손톱때만큼이네요', to_date('01/15/2024', 'MM/DD/YYYY'), to_date('01/15/2024', 'MM/DD/YYYY'));

INSERT INTO REVIEW (REVIEW_ID, ORDERS_ORDERID, USERDB_USERID, GOODSDB_GOODSID, TITLE, R_CONTENTS, REG_DATE, MOD_DATE) 
VALUES (107, 10009, 1006, 63001, '짱짱 딴딴합니다', '별5개드립니다', to_date('01/20/2024', 'MM/DD/YYYY'), to_date('01/20/2024', 'MM/DD/YYYY'));

INSERT INTO REVIEW (REVIEW_ID, ORDERS_ORDERID, USERDB_USERID, GOODSDB_GOODSID, TITLE, R_CONTENTS, REG_DATE, MOD_DATE) 
VALUES (108, 10011, 1001, 82001, '가다랑어살', '고양이가 잘먹어요', to_date('02/05/2024', 'MM/DD/YYYY'), to_date('02/05/2024', 'MM/DD/YYYY'));

INSERT INTO REVIEW (REVIEW_ID, ORDERS_ORDERID, USERDB_USERID, GOODSDB_GOODSID, TITLE, R_CONTENTS, REG_DATE, MOD_DATE) 
VALUES (109, 10013, 1002, 21001, '연어', '연어 디게 잘먹네요 또 시켜야겠어요', to_date('02/07/2024', 'MM/DD/YYYY'), to_date('02/07/2024', 'MM/DD/YYYY'));

INSERT INTO REVIEW (REVIEW_ID, ORDERS_ORDERID, USERDB_USERID, GOODSDB_GOODSID, TITLE, R_CONTENTS, REG_DATE, MOD_DATE) 
VALUES (110, 10023, 1005, 63001, '사진보다 크네요', '만족합니다.', to_date('02/19/2024', 'MM/DD/YYYY'), to_date('02/19/2024', 'MM/DD/YYYY'));

INSERT INTO REVIEW (REVIEW_ID, ORDERS_ORDERID, USERDB_USERID, GOODSDB_GOODSID, TITLE, R_CONTENTS, REG_DATE, MOD_DATE) 
VALUES (111, 10030, 1002, 21009, '개껌', '물고 놓지를 않아요', to_date('02/28/2024', 'MM/DD/YYYY'), to_date('02/28/2024', 'MM/DD/YYYY'));

INSERT INTO REVIEW_COMMENT (COMMENT_ID, USERDB_USERID, REVIEW_REVIEW_ID, R_COMMENT, REG_DATE, MOD_DATE) 
VALUES (1, 1002, 101, '크기 큰가요?', to_date('01/05/2024', 'MM/DD/RRRR'), to_date('01/05/2024', 'MM/DD/RRRR'));

INSERT INTO REVIEW_COMMENT (COMMENT_ID, USERDB_USERID, REVIEW_REVIEW_ID, R_COMMENT, REG_DATE, MOD_DATE) 
VALUES (2, 1001, 101, '네 큽니다', to_date('01/05/2024', 'MM/DD/RRRR'), to_date('01/05/2024', 'MM/DD/RRRR'));

INSERT INTO REVIEW_COMMENT (COMMENT_ID, USERDB_USERID, REVIEW_REVIEW_ID, R_COMMENT, REG_DATE, MOD_DATE) 
VALUES (3, 1002, 101, '오 저도 사야겠네요', to_date('01/05/2024', 'MM/DD/RRRR'), to_date('01/05/2024', 'MM/DD/RRRR'));

INSERT INTO REVIEW_COMMENT (COMMENT_ID, USERDB_USERID, REVIEW_REVIEW_ID, R_COMMENT, REG_DATE, MOD_DATE) 
VALUES (4, 1009, 104, '으 안비리세요?', to_date('01/10/2024', 'MM/DD/RRRR'), to_date('01/10/2024', 'MM/DD/RRRR'));

INSERT INTO REVIEW_COMMENT (COMMENT_ID, USERDB_USERID, REVIEW_REVIEW_ID, R_COMMENT, REG_DATE, MOD_DATE) 
VALUES (5, 1001, 104, '그렇다냥', to_date('01/10/2024', 'MM/DD/RRRR'), to_date('01/10/2024', 'MM/DD/RRRR'));

INSERT INTO REVIEW_COMMENT (COMMENT_ID, USERDB_USERID, REVIEW_REVIEW_ID, R_COMMENT, REG_DATE, MOD_DATE) 
VALUES (6, 1008, 104, 'ㄹㅈㄷ', to_date('01/10/2024', 'MM/DD/RRRR'), to_date('01/10/2024', 'MM/DD/RRRR'));

INSERT INTO REVIEW_COMMENT (COMMENT_ID, USERDB_USERID, REVIEW_REVIEW_ID, R_COMMENT, REG_DATE, MOD_DATE) 
VALUES (7, 1001, 105, '먹어보자냥', to_date('01/15/2024', 'MM/DD/RRRR'), to_date('01/15/2024', 'MM/DD/RRRR'));